<PropertyList>

    <particlesystem>
	<!-- <type>trail</type>-->
	<name>engine_blast_3</name>
	<texture>puff.png</texture>
	<emissive>true</emissive>
	<lighting>false</lighting>
	<offsets>
	    <x-m>0.0</x-m>
	    <y-m>0.0</y-m>
	    <z-m>0.0</z-m>
	    <pitch-deg>90</pitch-deg>
	</offsets>

	<condition>
	    <property>engines/engine[2]/set-thrust</property>
	</condition>

	<attach>local</attach>

	<placer>
	    <type>point</type>
	</placer>

	<shooter>
	    <theta-min-deg>0</theta-min-deg>
	    <theta-max-deg>0</theta-max-deg>
	    <phi-min-deg>0</phi-min-deg>
	    <phi-max-deg>0</phi-max-deg>
	    <speed>
		<value>6</value>
		<spread>0</spread>
	    </speed>
	    <rotation-speed>
		<x-min-deg-sec>0</x-min-deg-sec>
		<y-min-deg-sec>0</y-min-deg-sec>
		<z-min-deg-sec>0</z-min-deg-sec>
		<x-max-deg-sec>0</x-max-deg-sec>
		<y-max-deg-sec>0</y-max-deg-sec>
		<z-max-deg-sec>0</z-max-deg-sec>
	    </rotation-speed>
	</shooter>

	<counter>
	    <particles-per-sec>
		<value>250</value>
		<spread>0</spread>
	    </particles-per-sec>
	</counter>

	<align>billboard</align>

	<particle>
	    <start>
		<color>
		    <red>
			<value>0.1</value>
		    </red>
		    <green>
			<value>0.2</value>
		    </green>
		    <blue>
			<value>0.5</value>
		    </blue>
		    <alpha>
			<value>0.05</value>
		    </alpha>
		</color>
		<size>
		    <value>0.5</value>
		</size>
	    </start>
	    <end>
		<color>
		    <red>
			<value>0.6</value>
		    </red>
		    <green>
			<value>0.01</value>
		    </green>
		    <blue>
			<value>0.01</value>
		    </blue>
		    <alpha>
			<value>0.3</value>
		    </alpha>
		</color>
		<size>
		    <value>0.002</value>
		</size>
	    </end>

	    <life-sec>
		<value>0.2</value>
	    </life-sec>
	    <mass-kg>5.0</mass-kg>
	    <radius-m>0.1</radius-m>
	</particle>

	<program>
	    <fluid>air</fluid>
	    <gravity type="bool">false</gravity>
	    <wind type="bool">false</wind>
	</program>

    </particlesystem>

</PropertyList>
