<?xml version="1.0"?>

<PropertyList>

    <!-- Smoke on touchdown -->

    <model>
	<path>Aircraft/victor/Models/Effects/tyre-smoke-nose.xml</path>
	<name>tyre-smoke-n</name>
	<offsets>
	    <x-m> 8.787</x-m>
	    <y-m> 0.000</y-m>
	    <z-m> 0.000</z-m>
	</offsets>
    </model>

    <model>
	<path>Aircraft/victor/Models/Effects/tyre-smoke-port-fore.xml</path>
	<name>tyre-smoke-p1</name>
	<offsets>
	    <x-m>15.995</x-m>
	    <y-m>-4.831</y-m>
	    <z-m> 0.000</z-m>
	</offsets>
    </model>

    <model>
	<path>Aircraft/victor/Models/Effects/tyre-smoke-port-aft.xml</path>
	<name>tyre-smoke-p2</name>
	<offsets>
	    <x-m>16.717</x-m>
	    <y-m>-4.831</y-m>
	    <z-m> 0.000</z-m>
	</offsets>
    </model>

    <model>
	<path>Aircraft/victor/Models/Effects/tyre-smoke-stbd-fore.xml</path>
	<name>tyre-smoke-s1</name>
	<offsets>
	    <x-m>15.995</x-m>
	    <y-m> 4.831</y-m>
	    <z-m> 0.000</z-m>
	</offsets>
    </model>

    <model>
	<path>Aircraft/victor/Models/Effects/tyre-smoke-stbd-aft.xml</path>
	<name>tyre-smoke-s2</name>
	<offsets>
	    <x-m>16.717</x-m>
	    <y-m> 4.831</y-m>
	    <z-m> 0.000</z-m>
	</offsets>
    </model>

    <!-- Rain during takeoff or touchdown -->

    <model>
	<path>Aircraft/victor/Models/Effects/rain-nose.xml</path>
	<name>rain-splash-n</name>
	<offsets>
	    <x-m> 8.787</x-m>
	    <y-m> 0.000</y-m>
	    <z-m> 0.000</z-m>
	</offsets>
    </model>

    <model>
	<path>Aircraft/victor/Models/Effects/rain-port-fore.xml</path>
	<name>rain-splash-p1</name>
	<offsets>
	    <x-m>15.995</x-m>
	    <y-m>-4.831</y-m>
	    <z-m> 0.000</z-m>
	</offsets>
    </model>

    <model>
	<path>Aircraft/victor/Models/Effects/rain-port-aft.xml</path>
	<name>rain-splash-p2</name>
	<offsets>
	    <x-m>16.717</x-m>
	    <y-m>-4.831</y-m>
	    <z-m> 0.000</z-m>
	</offsets>
    </model>

    <model>
	<path>Aircraft/victor/Models/Effects/rain-stbd-fore.xml</path>
	<name>rain-splash-s1</name>
	<offsets>
	    <x-m>15.995</x-m>
	    <y-m> 4.831</y-m>
	    <z-m> 0.000</z-m>
	</offsets>
    </model>

    <model>
	<path>Aircraft/victor/Models/Effects/rain-stbd-aft.xml</path>
	<name>rain-splash-s2</name>
	<offsets>
	    <x-m>16.717</x-m>
	    <y-m> 4.831</y-m>
	    <z-m> 0.000</z-m>
	</offsets>
    </model>

</PropertyList>
