<?xml version="1.0"?>

<!-- Air speed indicator: pilot side -->

<PropertyList>

    <path>asi.ac</path>

    <animation>
	<type>rotate</type>
	<object-name>Needle1</object-name>
	<property>instrumentation/airspeed-indicator[0]/indicated-speed-kt</property>
	<interpolation>
	    <entry><ind>0</ind><dep>0</dep></entry>
	    <entry><ind>50</ind><dep>180</dep></entry>
	    <entry><ind>100</ind><dep>360</dep></entry>
	    <entry><ind>200</ind><dep>720</dep></entry>
	    <entry><ind>300</ind><dep>1080</dep></entry>
	    <entry><ind>400</ind><dep>1440</dep></entry>
	    <entry><ind>500</ind><dep>1800</dep></entry>
	    <entry><ind>600</ind><dep>2160</dep></entry>
	    <entry><ind>700</ind><dep>2520</dep></entry>
	    <entry><ind>800</ind><dep>2880</dep></entry>
	</interpolation>
	<center>
	    <x-m>0</x-m>
	    <y-m>0</y-m>
	    <z-m>0</z-m>
	</center>
	<axis>
	    <x>-1</x>
	    <y>0</y>
	    <z>0</z>
	</axis>
    </animation>

    <animation>
	<type>rotate</type>
	<object-name>Needle2</object-name>
	<property>instrumentation/airspeed-indicator[0]/indicated-speed-kt</property>
	<interpolation>
	    <entry><ind>0</ind><dep>0</dep></entry>
	    <entry><ind>100</ind><dep>36</dep></entry>
	    <entry><ind>200</ind><dep>72</dep></entry>
	    <entry><ind>300</ind><dep>108</dep></entry>
	    <entry><ind>400</ind><dep>144</dep></entry>
	    <entry><ind>500</ind><dep>180</dep></entry>
	    <entry><ind>600</ind><dep>216</dep></entry>
	    <entry><ind>700</ind><dep>252</dep></entry>
	    <entry><ind>800</ind><dep>288</dep></entry>
	</interpolation>
	<center>
	    <x-m>0</x-m>
	    <y-m>0</y-m>
	    <z-m>0</z-m>
	</center>
	<axis>
	    <x>-1</x>
	    <y> 0</y>
	    <z> 0</z>
	</axis>
    </animation>

    <animation include="Models/Instruments/Lighting/gauge-indicators.xml">
	<object-name>Needle1</object-name>
	<object-name>Needle2</object-name>
    </animation>

    <animation include="Models/Instruments/Lighting/gauge-face.xml">
	<object-name>Face</object-name>
    </animation>

    <!-- *** LoD *** -->
    <animation>
	<type>range</type>
	<min-m>0</min-m>
	<max-m>5</max-m>
    </animation>

</PropertyList>
