<?xml version="1.0"?>

<!-- undercarriage indicator -->

<PropertyList>
    <path>gear.ac</path>
    <texture-path>Models/Instruments/Textures</texture-path>

    <!-- **************** lamps **************** -->
    <!-- Port locked down -->
    <animation>
	<type>select</type>
	<object-name>disk-P-R</object-name>
	<condition>
	    <equals>
		<property>/gear/gear[1]/position-norm</property>
		<value>0</value>
	    </equals>
	    <greater-than>
		<property>/systems/electrical/outputs/leds</property>
		<value>10</value>
	    </greater-than>
	</condition>
    </animation>

    <!-- Stbd locked down -->
    <animation>
	<type>select</type>
	<object-name>disk-S-R</object-name>
	<condition>
	    <equals>
		<property>/gear/gear[3]/position-norm</property>
		<value>0</value>
	    </equals>
	    <greater-than>
		<property>/systems/electrical/outputs/leds</property>
		<value>10</value>
	    </greater-than>
	</condition>
    </animation>

    <!-- Nose locked down -->
    <animation>
	<type>select</type>
	<object-name>disk-F-R</object-name>
	<condition>
	    <equals>
		<property>/gear/gear[0]/position-norm</property>
		<value>0</value>
	    </equals>
	    <greater-than>
		<property>/systems/electrical/outputs/leds</property>
		<value>10</value>
	    </greater-than>
	</condition>
    </animation>

    <!-- Port locked up -->
    <animation>
	<type>select</type>
	<object-name>disk-P-G</object-name>
	<condition>
	    <equals>
		<property>/gear/gear[2]/position-norm</property>
		<value>1</value>
	    </equals>
	    <greater-than>
		<property>/systems/electrical/outputs/leds</property>
		<value>10</value>
	    </greater-than>
	</condition>
    </animation>

    <!-- Stbd locked up -->
    <animation>
	<type>select</type>
	<object-name>disk-S-G</object-name>
	<condition>
	    <equals>
		<property>/gear/gear[4]/position-norm</property>
		<value>1</value>
	    </equals>
	    <greater-than>
		<property>/systems/electrical/outputs/leds</property>
		<value>10</value>
	    </greater-than>
	</condition>
    </animation>

    <!-- Nose locked up -->
    <animation>
	<type>select</type>
	<object-name>disk-F-G</object-name>
	<condition>
	    <equals>
		<property>/gear/gear[0]/position-norm</property>
		<value>1</value>
	    </equals>
	    <greater-than>
		<property>/systems/electrical/outputs/leds</property>
		<value>10</value>
	    </greater-than>
	</condition>
    </animation>

    <!-- Port unlocked -->
    <animation>
	<type>select</type>
	<object-name>disk-P-UL</object-name>
	<condition>
	    <and>
		<less-than>
		    <property>/gear/gear[1]/position-norm</property>
		    <value>1</value>
		</less-than>
		<greater-than>
		    <property>/gear/gear[2]/position-norm</property>
		    <value>0</value>
		</greater-than>
		<greater-than>
		    <property>/systems/electrical/outputs/leds</property>
		    <value>10</value>
		</greater-than>
	    </and>
	</condition>
    </animation>

    <!-- Stbd unlocked -->
    <animation>
	<type>select</type>
	<object-name>disk-S-UL</object-name>
	<condition>
	    <and>
		<less-than>
		    <property>/gear/gear[3]/position-norm</property>
		    <value>1</value>
		</less-than>
		<greater-than>
		    <property>/gear/gear[4]/position-norm</property>
		    <value>0</value>
		</greater-than>
		<greater-than>
		    <property>/systems/electrical/outputs/leds</property>
		    <value>10</value>
		</greater-than>
	    </and>
	</condition>
    </animation>

    <!-- Nose unlocked -->
    <animation>
	<type>select</type>
	<object-name>disk-F-UL</object-name>
	<condition>
	    <and>
		<less-than>
		    <property>/gear/gear[0]/position-norm</property>
		    <value>1</value>
		</less-than>
		<greater-than>
		    <property>/gear/gear[0]/position-norm</property>
		    <value>0</value>
		</greater-than>
		<greater-than>
		    <property>/systems/electrical/outputs/leds</property>
		    <value>10</value>
		</greater-than>
	    </and>
	</condition>
    </animation>

    <!-- Brakes On -->
    <animation>
	<type>select</type>
	<object-name>disk-B-O</object-name>
	<condition>
	    <or>
		<equals>
		    <property>/controls/gear/brake-parking</property>
		    <value>1</value>
		</equals>
		<equals>
		    <property>/controls/gear/brake-left</property>
		    <value>1</value>
		</equals>
		<equals>
		    <property>/controls/gear/brake-right</property>
		    <value>1</value>
		</equals>
	    </or>
	    <greater-than>
		<property>/systems/electrical/outputs/leds</property>
		<value>10</value>
	    </greater-than>
	</condition>
    </animation>

    <!-- Panel Lighting -->
    <animation include="Models/Instruments/Lighting/base-normal.xml">
	<object-name>face</object-name>
	<object-name>mount</object-name>
	<object-name>bezelinside</object-name>
	<object-name>bezeloutside</object-name>
    </animation>

    <!-- *** LoD *** -->
    <animation>
	<type>range</type>
	<min-m>0</min-m>
	<max-m>5</max-m>
    </animation>

</PropertyList>
