<?xml version="1.0"?>

<!-- Jet Pipe Temperature -->

<PropertyList>

    <path>jpt.ac</path>

    <animation>
	<type>rotate</type>
	<object-name>jpt-Needle1</object-name>
	<property>engines/engine[3]/egt-degf</property>
	<interpolation>
	    <entry><ind>32</ind><dep>-90</dep></entry>
	    <entry><ind>752</ind><dep>30</dep></entry>
	    <entry><ind>1472</ind><dep>150</dep></entry>
	</interpolation>
	<center>
	    <x-m>0</x-m>
	    <y-m>0</y-m>
	    <z-m>0</z-m>
	</center>
	<axis>
	    <x>-1</x>
	    <y> 0</y>
	    <z> 0</z>
	</axis>
    </animation>

    <!-- Lighting -->
    <animation include="Models/Instruments/Lighting/gauge-indicators.xml">
	<object-name>jpt-Needle1</object-name>
    </animation>

    <animation include="Models/Instruments/Lighting/gauge-face.xml">
	<object-name>Face</object-name>
    </animation>

    <!-- *** LoD *** -->
    <animation>
	<type>range</type>
	<min-m>0</min-m>
	<max-m>5</max-m>
    </animation>

</PropertyList>
