<?xml version="1.0"?>

<!-- engine rpm clock instrument -->

<PropertyList>

    <path>rpm.ac</path>

    <animation>
	<type>rotate</type>
	<object-name>rpm-Needle1</object-name>
	<property>engines/engine[1]/n1</property>
	<interpolation>
	    <entry><ind>0</ind><dep>0</dep></entry>
	    <entry><ind>100</ind><dep>270</dep></entry>
	</interpolation>
	<center>
	    <x-m>0</x-m>
	    <y-m>0</y-m>
	    <z-m>0</z-m>
	</center>
	<axis>
	    <x>-1</x>
	    <y> 0</y>
	    <z> 0</z>
	</axis>
    </animation>

    <animation>
	<type>rotate</type>
	<object-name>rpm-Needle2</object-name>
	<property>engines/engine[1]/n1</property>
	<factor>36</factor>
	<center>
	    <x-m>0</x-m>
	    <y-m>-0.0096</y-m>
	    <z-m>0.0096</z-m>
	</center>
	<axis>
	    <x>-1</x>
	    <y> 0</y>
	    <z> 0</z>
	</axis>
    </animation>

    <!-- *** LoD *** -->
    <animation>
	<type>range</type>
	<min-m>0</min-m>
	<max-m>5</max-m>
    </animation>

    <animation include="Models/Instruments/Lighting/gauge-indicators.xml">
	<object-name>rpm-Needle1</object-name>
	<object-name>rpm-Needle2</object-name>
    </animation>

    <animation include="Models/Instruments/Lighting/gauge-face.xml">
	<object-name>Face</object-name>
    </animation>

</PropertyList>
