<?xml version="1.0"?>

<PropertyList>

    <path>crater.ac</path>

    <animation>
	<type>scale</type>
	<object-name>Sphere</object-name>
	<property>sim/armament/weapons/effect</property>
	<x-min>0.5</x-min>
	<y-min>0.5</y-min>
	<z-min>0.5</z-min>
	<z-max>5.0</z-max>
	<x-factor>1.0</x-factor>
	<y-factor>1.0</y-factor>
	<z-factor>0.9</z-factor>
    </animation>

    <animation>
	<type>dist-scale</type>
	<object-name>Sphere</object-name>
	<interpolation>
	    <entry><ind>   0 </ind><dep> 1 </dep></entry>
	    <entry><ind>10000</ind><dep> 4 </dep></entry>
	</interpolation>
    </animation>

    <animation>
	<object-name>Sphere</object-name>
	<enable-hot type="bool">false</enable-hot>
    </animation>

    <particlesystem>
	<name>explosion-smoke-longterm</name>
	<texture>puff-black.png</texture>

	<emissive type="bool">false</emissive>
	<lighting type="bool">false</lighting>

	<attach>world</attach>

	<placer>
	    <type>point</type>
	</placer>

	<shooter>
	    <theta-min-deg>0</theta-min-deg>
	    <theta-max-deg>20</theta-max-deg>
	    <phi-min-deg>-180</phi-min-deg>
	    <phi-max-deg>180</phi-max-deg>
	    <speed-mps>
		<value>30</value>
		<spread>10</spread>
	    </speed-mps>
	    <rotation-speed>
		<x-min-deg-sec>0</x-min-deg-sec>
		<y-min-deg-sec>0</y-min-deg-sec>
		<z-min-deg-sec>0</z-min-deg-sec>
		<x-max-deg-sec>0</x-max-deg-sec>
		<y-max-deg-sec>0</y-max-deg-sec>
		<z-max-deg-sec>5</z-max-deg-sec>
	    </rotation-speed>
	</shooter>

	<counter>
	    <particles-per-sec>
		<value>2</value>
		<spread>0</spread>
	    </particles-per-sec>
	</counter>

	<align>billboard</align>

	<particle>
	    <start>
		<color>
		    <red><value>   0.3 </value></red>
		    <green><value> 0.3 </value></green>
		    <blue><value>  0.25 </value></blue>
		    <alpha><value> 0.3 </value></alpha>
		</color>
		<size>
		    <value>6</value>
		</size>
	    </start>

	    <end>
		<color>
		    <red><value>   0.4 </value></red>
		    <green><value> 0.4 </value></green>
		    <blue><value>  0.4 </value></blue>
		    <alpha><value> 0.05 </value></alpha>
		</color>
		<size>
		    <value>12</value>
		</size>
	    </end>

	    <life-sec>
		<value>90</value>
	    </life-sec>

	    <mass-kg>  4.0 </mass-kg>
	    <radius-m> 0.4 </radius-m>
	</particle>

	<program>
	    <fluid>               air  </fluid>
	    <gravity type="bool"> true </gravity>
	    <wind typ="bool">     true </wind>
	</program>

    </particlesystem>

</PropertyList>
