<?xml version="1.0" encoding="ISO-8859-1"?>

<PropertyList>

    <path>Impact.ac</path>

    <animation>
	<object-name>sphere</object-name>
	<object-name>puff-black2</object-name>
    </animation>

    <animation>
	<type>material</type>
	<object-name>puff-black2</object-name>
	<emission>
	    <red>   2 </red>
	    <green> 2 </green>
	    <blue>  2 </blue>
	</emission>
    </animation>

    <animation>
	<enable-hot type="bool">false</enable-hot>
    </animation>

    <animation>
	<type>scale</type>
	<object-name>sphere</object-name>
	<property>sim/armament/weapons/effect</property>
	<x-min>0</x-min>
	<y-min>0</y-min>
	<z-min>0</z-min>
	<x-max>20</x-max>
	<y-max>20</y-max>
	<z-max>20</z-max>
	<x-factor>1.4</x-factor>
	<y-factor>1.4</y-factor>
    </animation>

    <animation>
	<type>dist-scale</type>
	<object-name>sphere</object-name>
	<interpolation>
	    <entry><ind>    0  </ind><dep> 1 </dep></entry>
	    <entry><ind> 10000 </ind><dep> 4 </dep></entry>
	</interpolation>
    </animation>

    <animation>
	<type>material</type>
	<object-name>sphere</object-name>
	<emission>
	    <red>   1 </red>
	    <green> 1 </green>
	    <blue>  1 </blue>
	</emission>
    </animation>

    <animation>
	<type>billboard</type>
	<object-name>puff-black2</object-name>
	<spherical>true</spherical>
    </animation>

    <animation>
	<type>scale</type>
	<object-name>puff-black2</object-name>
	<property>sim/armament/weapons/effect</property>
	<x-min>0</x-min>
	<y-min>0</y-min>
	<z-min>0</z-min>
	<x-max>20</x-max>
	<y-max>20</y-max>
	<z-max>20</z-max>
	<x-factor>1</x-factor>
	<y-factor>1</y-factor>
	<z-factor>1</z-factor>
    </animation>

    <animation>
	<type>dist-scale</type>
	<object-name>puff-black2</object-name>
	<interpolation>
	    <entry><ind>  0  </ind><dep>1</dep></entry>
	    <entry><ind>10000</ind><dep>4</dep></entry>
	</interpolation>
    </animation>

    <animation>
	<type>material</type>
	<object-name>puff-black2</object-name>
	<emission>
	    <red>   0.5 </red>
	    <green> 0.5 </green>
	    <blue>  0.5 </blue>
	</emission>
    </animation>

</PropertyList>
