<?xml version="1.0" encoding="UTF-8"?>

<PropertyList>

    <!-- Smoke -->
    <particlesystem>
	<name>smoke</name>
	<texture>smoke.png</texture>

	<emissive type="bool">false</emissive>
	<lighting type="bool">false</lighting>

	<!-- This empty condition is necessary for the effect to work -->
	<condition>
	</condition>

	<attach>world</attach>

	<placer>
	    <type>point</type> 
	</placer>

	<offsets>
	    <x-m>0</x-m>
	    <y-m>0</y-m>
	    <z-m>0</z-m>
	</offsets>

	<shooter>
	    <theta-min-deg>-1.5</theta-min-deg>
	    <theta-max-deg>1.5</theta-max-deg>
	    <phi-min-deg>-1.5</phi-min-deg>
	    <phi-max-deg>1.5</phi-max-deg>
	    <speed-mps>
		<value>0</value>
		<spread>0</spread>
	    </speed-mps>
	    <rotation-speed>
		<x-min-deg-sec>0</x-min-deg-sec>
		<y-min-deg-sec>0</y-min-deg-sec>
		<z-min-deg-sec>0</z-min-deg-sec>
		<x-max-deg-sec>0</x-max-deg-sec>
		<y-max-deg-sec>0</y-max-deg-sec>
		<z-max-deg-sec>0</z-max-deg-sec>
	    </rotation-speed>
	</shooter>

	<counter>
	    <particles-per-sec>
		<value>150</value>
		<spread>0</spread>
	    </particles-per-sec>
	</counter>

	<align>billboard</align>

	<particle>
	    <start>
		<color>
		    <red
			><expression>
			    <product>
				<value>0.7</value>
				<property>/rendering/scene/diffuse/red</property>
			    </product>
			</expression>
		    </red>
		    <green>
			<expression>
			    <product>
				<value>0.7</value>
				<property>/rendering/scene/diffuse/red</property>
			    </product>
			</expression>
		    </green>
		    <blue>
			<expression>
			    <product>
				<value>0.7</value>
				<property>/rendering/scene/diffuse/red</property>
			</product></expression>
		    </blue>
		    <alpha><value> 0.3 </value></alpha>
		</color>
		<size>
		    <value>0.5</value>
		</size>
	    </start>

	    <end>
		<color>
		    <red>
			<expression>
			    <product>
				<value>1.0</value>
				<property>/rendering/scene/diffuse/red</property>
			    </product>
			</expression>
		    </red>
		    <green>
			<expression>
			    <product>
				<value>1.0</value>
				<property>/rendering/scene/diffuse/red</property>
			    </product>
			</expression>
		    </green>
		    <blue>
			<expression>
			    <product>
				<value>1.0</value>
				<property>/rendering/scene/diffuse/red</property>
			    </product>
			</expression>
		    </blue>
		    <alpha><value> 0.3 </value></alpha>
		</color>
		<size>
		    <value>2</value>
		</size>
	    </end>

	    <life-sec>
		<value>5</value>
	    </life-sec>

	    <mass-kg>  0.005 </mass-kg>
	    <radius-m> 0.5 </radius-m>
	</particle>

	<program>
	    <fluid>               air  </fluid>
	    <gravity type="bool"> true </gravity>
	    <wind typ="bool">     true </wind>
	</program>

    </particlesystem>

    <!-- Exhaust flame -->
    <path>Aircraft/Generic/Effects/Thruster/thrust_flame.ac</path>

    <offsets>
	<x-m>0</x-m>
	<y-m>0</y-m>
	<z-m>0</z-m>
    </offsets>

    <animation>
	<type>select</type>
	<object-name>Bounding_box</object-name>
	<condition>
	    <!-- <property>sim/sound/armament/missile-fired</property> -->
	</condition>
    </animation>

    <animation>
	<type>scale</type>
	<object-name>Bounding_box</object-name>
	<x-offset>1.0</x-offset>
	<y-offset>0.25</y-offset>
	<z-offset>0.25</z-offset>
    </animation>

    <effect>
	<inherits-from>Aircraft/victor/Models/Effects/Armament/flame</inherits-from>
	<object-name>Bounding_box</object-name>
    </effect>

</PropertyList>
