<?xml version="1.0" encoding="ISO-8859-1"?>

<PropertyList>

    <particlesystem>

	<name>bombhit-smoke</name>

	<texture>puff-black.png</texture>

	<emissive>true</emissive>
	<lighting>false</lighting>
	<align>billboard</align>
	<attach>world</attach>
	<placer>
	    <type>point</type>
	</placer>
	<shooter>
	    <theta-min-deg>30</theta-min-deg>
	    <theta-max-deg>60</theta-max-deg>
	    <phi-min-deg>-180</phi-min-deg>
	    <phi-max-deg> 180</phi-max-deg>
	    <speed-mps>
		<value>5</value>
		<spread>5</spread>
	    </speed-mps>
	    <rotation-speed>
		<x-min-deg-sec>0</x-min-deg-sec>
		<y-min-deg-sec>0</y-min-deg-sec>
		<z-min-deg-sec>-60</z-min-deg-sec>
		<x-max-deg-sec>0</x-max-deg-sec>
		<y-max-deg-sec>0</y-max-deg-sec>
		<z-max-deg-sec>60</z-max-deg-sec>
	    </rotation-speed>
	</shooter>
	<counter>
	    <particles-per-sec>
		<value>3</value>
		<spread>5</spread>
	    </particles-per-sec>
	</counter>
	<particle>
	    <start>
		<color>
		    <red><value>   0.0 </value></red>
		    <green><value> 0.0 </value></green>
		    <blue><value>  0.0 </value></blue>
		    <alpha><value> 0.2 </value></alpha>
		</color>
		<size>
		    <value>12.0</value>
		</size>
	    </start>
	    <end>
		<color>
		    <red><value>   0.0 </value></red>
		    <green><value> 0.0 </value></green>
		    <blue><value>  0.0 </value></blue>
		    <alpha><value> 0.05</value></alpha>
		</color>
		<size>
		    <value>80.0</value>
		</size>
	    </end>
	    <life-sec>
		<value>120</value>
	    </life-sec>
	    <mass-kg>0.025</mass-kg>
	    <radius-m>0.40</radius-m>
	</particle>
	<program>
	    <fluid>air</fluid>
	    <gravity>true</gravity>
	    <wind>true</wind>
	</program>

    </particlesystem>

    <animation>
	<type>dist-scale</type>
	<object-name>bombhit-smoke</object-name>
	<interpolation>
	    <entry><ind>   0 </ind><dep> 1 </dep></entry>
	    <entry><ind>10000</ind><dep> 4 </dep></entry>
	</interpolation>
    </animation>

</PropertyList>
