<?xml version="1.0" encoding="utf-8"?>

<PropertyList>

    <!--
	==========
	Suppliers
	==========

The electrical power supplies required by the aircraft were divided into two basic systems:
* Medium Voltage 200V AC 3 Phase 400 Hertz and
* Low Voltage 28V DC.
To provide the LV requirements the output from the aircrafts alternators had to be transformed
and rectified. The alternators driven by each engine had an output of 200 volts AC frequency
400HZ and supplied power to the relevant MV and LV Bus Bars.
    -->

    <!-- Two 28 V batteries -->
    <supplier>
	<name>Battery 1</name>
	<prop>/systems/electrical/suppliers/battery[0]</prop>
	<kind>battery</kind>
	<volts>28</volts>
	<amps>25</amps>
    </supplier>

    <supplier>
	<name>Battery 2</name>
	<prop>/systems/electrical/suppliers/battery[1]</prop>
	<kind>battery</kind>
	<volts>28</volts>
	<amps>25</amps>
    </supplier>

    <!-- Reserve AC power (Ram Air turbine) for emergency use -->
    <supplier>
	<name>Standby Power</name>
	<prop>/systems/electrical/suppliers/standby</prop>
	<kind>alternator</kind>
	<rpm-source>/fdm/jsbsim/systems/electrical/generator-reserve-rpm</rpm-source>
	<rpm-threshold>500</rpm-threshold>
	<volts>200</volts>
	<amps>120</amps>
    </supplier>

    <!--
	APU Source: Rover gas turbine driving a 40kVA alternator
	Only active below an altitude of 30,000 ft (9,100 m)
    -->
    <supplier>
	<name>APU 200V</name>
	<prop>/systems/electrical/suppliers/apu</prop>
	<kind>alternator</kind>
	<rpm-source>/engines/engine[4]/n1</rpm-source>
	<rpm-threshold>30</rpm-threshold>
	<volts>200</volts>
	<amps>60</amps>
    </supplier>

    <supplier>
	<name>APU 28V</name>
	<prop>/systems/electrical/suppliers/apu-dc</prop>
	<kind>alternator</kind>	<!-- really a transformer rectifier from AC to DC -->
	<rpm-source>/systems/electrical/bus/apu-ac-bus</rpm-source>
	<rpm-threshold>100</rpm-threshold>
	<volts>28</volts>
	<amps>60</amps>
    </supplier>

    <!-- Engine Sources x 4 : 40 kVA three-phase 200 V AC at 400 Hz -->

    <!-- Engine 1 -->
    <supplier>
	<name>Conway1 200V</name>
	<prop>/systems/electrical/suppliers/alternator[0]</prop>
	<kind>alternator</kind>
	<rpm-source>/engines/engine[0]/n1</rpm-source>
	<rpm-threshold>30</rpm-threshold>
	<volts>200</volts>
	<amps>120</amps>
    </supplier>

    <supplier>
	<name>Conway1 28V</name>
	<prop>/systems/electrical/suppliers/tr[0]</prop>
	<kind>alternator</kind>	<!-- really a transformer rectifier from AC to DC -->
	<rpm-source>/systems/electrical/bus/ac-bus[0]</rpm-source>
	<rpm-threshold>100</rpm-threshold>
	<volts>28</volts>
	<amps>60</amps>
    </supplier>

    <!-- Engine 2 -->
    <supplier>
	<name>Conway2 200V</name>
	<prop>/systems/electrical/suppliers/alternator[1]</prop>
	<kind>alternator</kind>
	<rpm-source>/engines/engine[1]/n1</rpm-source>
	<rpm-threshold>30</rpm-threshold>
	<volts>200</volts>
	<amps>120</amps>
    </supplier>

    <supplier>
	<name>Conway2 28V</name>
	<prop>/systems/electrical/suppliers/tr[1]</prop>
	<kind>alternator</kind>	<!-- really a transformer rectifier from AC to DC -->
	<rpm-source>/systems/electrical/bus/ac-bus[1]</rpm-source>
	<rpm-threshold>100</rpm-threshold>
	<volts>28</volts>
	<amps>60</amps>
    </supplier>

    <!-- Engine 3 -->
    <supplier>
	<name>Conway3 200V</name>
	<prop>/systems/electrical/suppliers/alternator[2]</prop>
	<kind>alternator</kind>
	<rpm-source>/engines/engine[2]/n1</rpm-source>
	<rpm-threshold>30</rpm-threshold>
	<volts>200</volts>
	<amps>120</amps>
    </supplier>

    <supplier>
	<name>Conway3 28V</name>
	<prop>/systems/electrical/suppliers/tr[2]</prop>
	<kind>alternator</kind>	<!-- really a transformer rectifier from AC to DC -->
	<rpm-source>/systems/electrical/bus/ac-bus[2]</rpm-source>
	<rpm-threshold>100</rpm-threshold>
	<volts>28</volts>
	<amps>60</amps>
    </supplier>

    <!-- Engine 4 -->
    <supplier>
	<name>Conway4 200V</name>
	<prop>/systems/electrical/suppliers/alternator[3]</prop>
	<kind>alternator</kind>
	<rpm-source>/engines/engine[3]/n1</rpm-source>
	<rpm-threshold>30</rpm-threshold>
	<volts>200</volts>
	<amps>120</amps>
    </supplier>

    <supplier>
	<name>Conway4 28V</name>
	<prop>/systems/electrical/suppliers/tr[3]</prop>
	<kind>alternator</kind>	<!-- really a transformer rectifier from AC to DC -->
	<rpm-source>/systems/electrical/bus/ac-bus[3]</rpm-source>
	<rpm-threshold>100</rpm-threshold>
	<volts>28</volts>
	<amps>60</amps>
    </supplier>

    <!-- External power -->
    <supplier>
	<name>Ground Power</name>
	<prop>/systems/electrical/suppliers/external</prop>
	<kind>external</kind>
	<volts>115</volts> <!-- by default not connected -->
	<amps>90</amps>
    </supplier>

    <!-- ++++++++++++++++++++++++++++++++++++++++++++++++++++++++++++++++++++++++++++ -->

    <!--
	=======
	Outputs
	=======
    -->

    <!-- Engine Starter Outputs -->

    <output>
	<name>APU Starter</name>
	<prop>/systems/electrical/outputs/apu-starter</prop>
    </output>

    <output>
	<name>Starter 1 Power</name>
	<prop>/systems/electrical/outputs/starter[0]</prop>
    </output>

    <output>
	<name>Starter 2 Power</name>
	<prop>/systems/electrical/outputs/starter[1]</prop>
    </output>

    <output>
	<name>Starter 3 Power</name>
	<prop>/systems/electrical/outputs/starter[2]</prop>
    </output>

    <output>
	<name>Starter 4 Power</name>
	<prop>/systems/electrical/outputs/starter[3]</prop>
    </output>

    <!-- Pumps Outputs (supplied by the essential DC bus -->

    <output>
	<name>Fuel Pump Power Left</name>
	<prop>/systems/electrical/outputs/fuel-pump[0]</prop>
	<prop>/systems/electrical/outputs/fuel-pump[1]</prop>
    </output>

    <output>
	<name>Fuel Pump Power Right</name>
	<prop>/systems/electrical/outputs/fuel-pump[2]</prop>
	<prop>/systems/electrical/outputs/fuel-pump[3]</prop>
    </output>

    <output>
	<name>Refuelling Pump Power</name>
	<prop>/systems/electrical/outputs/refuel-pump</prop>
    </output>

    <!-- Hydraulic System Outputs -->

    <output>
	<name>Hydraulic System 1 Power</name>
	<prop>/systems/electrical/outputs/hydraulic-pump[0]</prop>
    </output>

    <output>
	<name>Hydraulic System 2 Power</name>
	<prop>/systems/electrical/outputs/hydraulic-pump[1]</prop>
    </output>

    <output>
	<name>Hydraulic System 3 Power</name>
	<prop>/systems/electrical/outputs/hydraulic-pump[2]</prop>
    </output>

    <output>
	<name>Hydraulic System 4 Power</name>
	<prop>/systems/electrical/outputs/hydraulic-pump[3]</prop>
    </output>

    <!-- Light Outputs -->

    <output>
	<name>Beacon Power</name>
	<prop>/systems/electrical/outputs/beacon</prop>
    </output>

    <output>
	<name>Cabin Lights Power</name>
	<prop>/systems/electrical/outputs/cabin-lights</prop>
    </output>

    <output>
	<name>Instrument Lights Power</name>
	<prop>/systems/electrical/outputs/instrument-lights</prop>
    </output>

    <output>
	<name>Landing Lights Power</name>
	<prop>/systems/electrical/outputs/landing-lights</prop>
    </output>

    <output>
	<name>Logo Light Power</name>
	<prop>/systems/electrical/outputs/logo-lights</prop>
    </output>

    <output>
	<name>Map Lights Power</name>
	<prop>/systems/electrical/outputs/map-lights</prop>
    </output>

    <output>
	<name>Nav Lights</name>
	<prop>/systems/electrical/outputs/nav-lights</prop>
    </output>

    <output>
	<name>Panel Lights Power</name>
	<prop>/systems/electrical/outputs/panel-lights</prop>
    </output>

    <output>
	<name>Strobe Lights</name>
	<prop>/systems/electrical/outputs/strobe-lights</prop>
    </output>

    <output>
	<name>Taxi Lights Power</name>
	<prop>/systems/electrical/outputs/taxi-lights</prop>
    </output>

    <output>
	<name>Wing Light Power</name>
	<prop>/systems/electrical/outputs/wing-lights</prop>
    </output>

    <!-- Instruments Outputs -->

    <output>
	<name>Avionics Fan</name>
	<prop>/systems/electrical/outputs/avionics-fan</prop>
    </output>

    <output>
	<name>ADF Power</name>
	<prop>/systems/electrical/outputs/adf</prop>
    </output>

    <output>
	<name>Comm 0 Power</name>
	<prop>/systems/electrical/outputs/comm[0]</prop>
    </output>

    <output>
	<name>Comm 1 Power</name>
	<prop>/systems/electrical/outputs/comm[1]</prop>
    </output>

    <output>
	<name>Directional Gyro Power</name>
	<prop>/systems/electrical/outputs/DG</prop>
    </output>

    <output>
	<name>DME Power</name>
	<prop>/systems/electrical/outputs/dme</prop>
    </output>

    <output>
	<name>GPS Power</name>
	<prop>/systems/electrical/outputs/gps</prop>
    </output>

    <output>
	<name>EGPWS Power</name>
	<prop>/systems/electrical/outputs/mk-viii</prop>
    </output>

    <output>
	<name>Instrument Power</name>
	<prop>/systems/electrical/outputs/instruments</prop>
    </output>

    <output>
	<name>LED Lights Power</name>
	<prop>/systems/electrical/outputs/leds</prop>
    </output>

    <output>
	<name>MRG Power</name>
	<prop>/systems/electrical/outputs/MRG</prop>
    </output>

    <output>
	<name>Nav 0 Power</name>
	<prop>/systems/electrical/outputs/nav[0]</prop>
    </output>

    <output>
	<name>Nav 1 Power</name>
	<prop>/systems/electrical/outputs/nav[1]</prop>
    </output>

    <output>
	<name>Radar Power</name>
	<prop>/systems/electrical/outputs/radar</prop>
    </output>

    <output>
	<name>Tacan Power</name>
	<prop>/systems/electrical/outputs/tacan</prop>
    </output>

    <output>
	<name>Transponder Power</name>
	<prop>/systems/electrical/outputs/transponder</prop>
    </output>

    <output>
	<name>Turn Coordinator Power</name>
	<prop>/systems/electrical/outputs/turn-coordinator</prop>
    </output>

    <!-- Other Outputs -->

    <output>
	<name>Flaps Power</name>
	<prop>/systems/electrical/outputs/flaps</prop>
    </output>

    <output>
	<name>Pitot Heat Power</name>
	<prop>/systems/electrical/outputs/pitot-heat</prop>
    </output>

    <!-- ++++++++++++++++++++++++++++++++++++++++++++++++++++++++++++++++++++++++++++ -->

    <!--
	=======
	Buses
	=======
    -->

    <!-- AC buses -->

    <bus>
	<name>Distribution Bus AC</name> <!-- 200V -->
	<prop>/systems/electrical/bus/main-ac-bus</prop>
    </bus>

    <bus>
	<name>Ground Bus AC</name> <!-- 115V -->
	<prop>/systems/electrical/bus/ground-ac-bus</prop>
    </bus>

    <bus>
	<name>APU Bus AC</name>	<!-- 200V -->
	<prop>/systems/electrical/bus/apu-ac-bus</prop>
    </bus>

    <bus>
	<name>Standby Bus</name>	<!-- 200V -->
	<prop>/systems/electrical/bus/standby</prop>
    </bus>

    <bus>
	<name>External Lights Bus</name>	<!-- 200V -->
	<prop>/systems/electrical/bus/external-lights</prop>
    </bus>

    <bus>
	<name>Internal Lights Bus</name>	<!-- 200V -->
	<prop>/systems/electrical/bus/internal-lights</prop>
    </bus>

    <bus>
	<name>ac_bus_1-1</name>
	<prop>/systems/electrical/bus/ac-bus[0]</prop>
    </bus>
    <bus>
	<name>ac_bus_1-2</name>
	<prop>/systems/electrical/bus/ac-bus[1]</prop>
    </bus>
    <bus>
	<name>ac_bus_2-3</name>
	<prop>/systems/electrical/bus/ac-bus[2]</prop>
    </bus>
    <bus>
	<name>ac_bus_2-4</name>
	<prop>/systems/electrical/bus/ac-bus[3]</prop>
    </bus>


    <!-- DC buses -->

    <bus>
	<name>Master Bus DC</name>	<!-- 28V -->
	<prop>/systems/electrical/bus/main-dc-bus</prop>
    </bus>

    <bus>
	<name>Essential Bus DC 1</name> <!-- 28V -->
	<prop>/systems/electrical/bus/battery[0]</prop>
    </bus>

    <bus>
	<name>Essential Bus DC 2</name> <!-- 28V -->
	<prop>/systems/electrical/bus/battery[1]</prop>
    </bus>

    <bus>
	<name>APU Bus DC</name> <!-- 28V -->
	<prop>/systems/electrical/bus/apu-dc-bus</prop>
    </bus>

    <bus>
	<name>dc_bus_left</name>	<!-- 28V -->
	<prop>/systems/electrical/bus/dc-bus[0]</prop>
    </bus>
    <bus>
	<name>dc_bus_right</name>	<!-- 28V -->
	<prop>/systems/electrical/bus/dc-bus[1]</prop>
    </bus>

    <bus>
	<name>Avionics Bus DC</name>	<!-- 28V -->
	<prop>/systems/electrical/bus/avionics</prop>
    </bus>

    <bus>
	<name>Lights Bus DC</name>	<!-- 28V -->
	<prop>/systems/electrical/bus/dc-lights</prop>
    </bus>

    <!-- ++++++++++++++++++++++++++++++++++++++++++++++++++++++++++++++++++++++++++++ -->

    <!--
	===========
	Connections
	===========
    -->

    <!--
	~~~~~~~~~~~~~~~~~~~~~
	Suppliers to buses
	~~~~~~~~~~~~~~~~~~~~~
    -->

    <!-- No. 1 battery energizes the No. 1 essential DC bus -->
    <connector>
	<input>Battery 1</input>
	<output>Essential Bus DC 1</output>
	<switch>
	    <prop>/controls/electric/battery-switch</prop>
	</switch>
    </connector>

    <!-- No. 2 battery energizes the No. 2 essential DC bus -->
    <connector>
	<input>Battery 2</input>
	<output>Essential Bus DC 2</output>
	<switch>
	    <prop>/controls/electric/battery-switch</prop>
	</switch>
    </connector>

    <!-- Ground power feeds is own bus which is then passed on to the main bus -->
    <connector>
	<input>Ground Power</input>
	<output>Ground Bus AC</output>
	<switch>
	    <prop>/controls/electric/external-power</prop>
	    <initial-state>off</initial-state>
	</switch>
    </connector>

    <!-- Reserve generator to its bus -->
    <connector>
	<input>Standby Power</input>
	<output>Standby Bus</output>
	<switch>
	    <prop>/fdm/jsbsim/systems/electrical/standby-power</prop>
	    <initial-state>off</initial-state>
	</switch>
    </connector>

    <!-- APU power -->
    <connector>
	<name>APU to its AC bus</name>
	<input>APU 200V</input>
	<output>APU Bus AC</output>
	<switch>
	    <prop>/controls/electric/engine[4]/generator</prop>
	    <initial-state>off</initial-state>
	</switch>
    </connector>

    <connector>
	<name>APU to AC Buses</name>
	<input>APU Bus AC</input>
	<output>Distribution Bus AC</output>
	<switch>
	    <prop>/controls/electric/engine[4]/bus-tie</prop>
	    <initial-state>off</initial-state>
	</switch>
    </connector>

    <!-- DC power from APU transformer -->
    <connector>
	<name>APU to DC Buses</name>
	<input>APU 28V</input>
	<output>APU Bus DC</output>
	<switch>
	    <prop>/controls/electric/APU-generator</prop>
	    <initial-state>off</initial-state>
	</switch>
    </connector>

    <!-- AC power from the engines -->

    <connector>
	<name>Conway1 to its Bus</name>
	<input>Conway1 200V</input>
	<output>ac_bus_1-1</output>
	<switch>
	    <prop>/controls/electric/engine[0]/generator</prop>
	    <initial-state>off</initial-state>
	</switch>
    </connector>

    <connector>
	<name>Conway2 to its Bus</name>
	<input>Conway2 200V</input>
	<output>ac_bus_1-2</output>
	<switch>
	    <prop>/controls/electric/engine[1]/generator</prop>
	    <initial-state>off</initial-state>
	</switch>
    </connector>

    <connector>
	<name>Conway3 to its Bus</name>
	<input>Conway3 200V</input>
	<output>ac_bus_2-3</output>
	<switch>
	    <prop>/controls/electric/engine[2]/generator</prop>
	    <initial-state>off</initial-state>
	</switch>
    </connector>

    <connector>
	<name>Conway4 to its Bus</name>
	<input>Conway4 200V</input>
	<output>ac_bus_2-4</output>
	<switch>
	    <prop>/controls/electric/engine[3]/generator</prop>
	    <initial-state>off</initial-state>
	</switch>
    </connector>

    <!-- Each engine can be individually connected to the master AC bus -->

    <connector>
	<name>Feed Distribution Bus</name>
	<input>ac_bus_1-1</input>
	<input>ac_bus_1-2</input>
	<input>ac_bus_2-3</input>
	<input>ac_bus_2-4</input>
	<input>Standby Bus</input>
	<input>Ground Bus AC</input>
	<output>Distribution Bus AC</output>
    </connector>

    <connector>
	<input>Distribution Bus AC</input>
	<output>Internal Lights Bus</output>
	<output>External Lights Bus</output>
	<switch>
	    <prop>/controls/electric/master-switch</prop>
	    <initial-state>off</initial-state>
	</switch>
    </connector>

    <!-- DC power from engines to DC buses -->
    <connector>
	<name>Conway1 to DC buses</name>
	<input>Conway1 28V</input>
	<output>dc_bus_left</output>
	<switch>
	    <prop>/controls/electric/engine[0]/bus-tie</prop>
	    <initial-state>off</initial-state>
	</switch>
    </connector>

    <connector>
	<name>Conway2 to DC buses </name>
	<input>Conway2 28V</input>
	<output>dc_bus_left</output>
	<switch>
	    <prop>/controls/electric/engine[1]/bus-tie</prop>
	    <initial-state>off</initial-state>
	</switch>
    </connector>

    <connector>
	<name>Conway3 to DC buses</name>
	<input>Conway3 28V</input>
	<output>dc_bus_right</output>
	<switch>
	    <prop>/controls/electric/engine[2]/bus-tie</prop>
	    <initial-state>off</initial-state>
	</switch>
    </connector>

    <connector>
	<name>Conway4 to DC buses</name>
	<input>Conway4 28V</input>
	<output>dc_bus_right</output>
	<switch>
	    <prop>/controls/electric/engine[3]/bus-tie</prop>
	    <initial-state>off</initial-state>
	</switch>
    </connector>

    <!--
	~~~~~~~~~~~~~~~~~~~~~~~~~~~~~~~~~~~~~
	Redistribution to secondary buses
	~~~~~~~~~~~~~~~~~~~~~~~~~~~~~~~~~~~~~
    -->

    <connector>
	<name>Feed Master DC Bus</name>
	<input>Essential Bus DC 1</input>
	<input>Essential Bus DC 2</input>
	<input>dc_bus_left</input>
	<input>dc_bus_right</input>
	<input>APU Bus DC</input>
	<output>Master Bus DC</output>
    </connector>

    <connector>
	<input>Master Bus DC</input>
	<output>Avionics Bus DC</output>
	<switch>
	    <prop>/controls/switches/master-avionics</prop>
	    <initial-state>off</initial-state>
	</switch>
	<switch>
	    <prop>/controls/electric/master-switch</prop>
	    <initial-state>off</initial-state>
	</switch>
    </connector>

    <connector>
	<input>Master Bus DC</input>
	<output>Lights Bus DC</output>
	<switch>
	    <prop>/controls/electric/master-switch</prop>
	    <initial-state>off</initial-state>
	</switch>
    </connector>

    <!--
	=========================
	Connect buses to outputs
	=========================
    -->

    <!--
	~~~~~~~~~~~~~~
	A/C Consumers
	~~~~~~~~~~~~~~
    -->

    <!-- Connect engine starters output: -->

    <!-- APU can be started from any AC/DC source -->
    <connector>
	<name>APU Switch</name>
	<input>Distribution Bus AC</input>
	<input>Master Bus DC</input>
	<output>APU Starter</output>
	<switch>
	    <prop>/controls/engines/engine[4]/starter</prop>
	    <initial-state>off</initial-state>
	</switch>
    </connector>

    <!-- other engines need an air starter, but we use any source -->
    <connector>
	<name>Engine 1 starter</name>
	<input>Distribution Bus AC</input>
	<output>Starter 1 Power</output>
	<switch>
	    <prop>/controls/engines/engine[0]/starter</prop>
	    <initial-state>off</initial-state>
	</switch>
    </connector>

    <connector>
	<name>Engine 2 starter</name>
	<input>Distribution Bus AC</input>
	<output>Starter 2 Power</output>
	<switch>
	    <prop>/controls/engines/engine[1]/starter</prop>
	    <initial-state>off</initial-state>
	</switch>
    </connector>

    <connector>
	<name>Engine 3 starter</name>
	<input>Distribution Bus AC</input>
	<output>Starter 3 Power</output>
	<switch>
	    <prop>/controls/engines/engine[2]/starter</prop>
	    <initial-state>off</initial-state>
	</switch>
    </connector>

    <connector>
	<name>Engine 4 starter</name>
	<input>Distribution Bus AC</input>
	<output>Starter 4 Power</output>
	<switch>
	    <prop>/controls/engines/engine[3]/starter</prop>
	    <initial-state>off</initial-state>
	</switch>
    </connector>

    <!-- Other A/C consumers -->

    <connector>
	<name>Beacon Switch</name>
	<input>External Lights Bus</input>
	<output>Beacon Power</output>
	<switch>
	    <prop>/controls/lighting/beacon</prop>
	    <initial-state>off</initial-state>
	</switch>
    </connector>

    <connector>
	<name>Directional Gyro Switch</name>
	<input>Distribution Bus AC</input>
	<output>Directional Gyro Power</output>
	<switch>
	    <prop>/controls/electric/master-switch</prop>
	    <initial-state>off</initial-state>
	</switch>
    </connector>

    <connector>
	<name>Dome Lights Switch</name>
	<input>Internal Lights Bus</input>
	<output>Cabin Lights Power</output>
	<switch>
	    <prop>/controls/lighting/cabin-lights</prop>
	    <initial-state>off</initial-state>
	</switch>
    </connector>

    <connector>
	<name>Directional Gyro Switch</name>
	<input>Distribution Bus AC</input>
	<output>Directional Gyro Power</output>
	<switch>
	    <prop>/controls/electric/master-switch</prop>
	    <initial-state>off</initial-state>
	</switch>
    </connector>

    <connector>
	<input>Distribution Bus AC</input>
	<output>Flaps Power</output>
	<switch>
	    <prop>/controls/circuit-breakers/flaps</prop>
	</switch>
    </connector>

    <connector>
	<name>Instrument Lights Switch</name>
	<input>Internal Lights Bus</input>
	<output>Instrument Lights Power</output>
	<switch>
	    <prop>/controls/lighting/instrument-lights</prop>
	    <initial-state>off</initial-state>
	</switch>
    </connector>

    <connector>
	<name>Landing Lights Switch</name>
	<input>External Lights Bus</input>
	<output>Landing Lights Power</output>
	<switch>
	    <prop>/controls/lighting/landing-lights</prop>
	    <initial-state>off</initial-state>
	</switch>
    </connector>

    <connector>
	<name>Logo Lights Switch</name>
	<input>External Lights Bus</input>
	<output>Logo Light Power</output>
	<switch>
	    <prop>/controls/lighting/logo-lights</prop>
	    <initial-state>off</initial-state>
	</switch>
    </connector>

    <connector>
	<name>Map Lights Switch</name>
	<input>Internal Lights Bus</input>
	<output>Map Lights Power</output>
	<switch>
	    <prop>/controls/lighting/map-lights</prop>
	    <initial-state>off</initial-state>
	</switch>
    </connector>

    <connector>
	<name>MRG Switch</name>
	<input>Distribution Bus AC</input>
	<output>MRG Power</output>
	<switch>
	    <prop>/controls/electric/master-switch</prop>
	    <initial-state>off</initial-state>
	</switch>
    </connector>

    <connector>
	<name>Nav Lights Switch</name>
	<input>External Lights Bus</input>
	<output>Nav Lights</output>
	<switch>
	    <prop>/controls/lighting/nav-lights</prop>
	    <initial-state>off</initial-state>
	</switch>
    </connector>

    <connector>
	<name>Panel Lights Switch</name>
	<input>Internal Lights Bus</input>
	<output>Panel Lights Power</output>
	<switch>
	    <prop>/controls/lighting/panel-lights</prop>
	    <initial-state>off</initial-state>
	</switch>
    </connector>

    <connector>
	<name>Pitot Switch</name>
	<input>Distribution Bus AC</input>
	<output>Pitot Heat Power</output>
	<switch>
	    <prop>/controls/switches/pitot-heat</prop>
	    <initial-state>off</initial-state>
	</switch>
    </connector>

    <connector>
	<name>Radar Switch</name>
	<input>Distribution Bus AC</input>
	<output>Radar Power</output>
	<switch>
	    <prop>/instrumentation/air-ground-radar/power-btn</prop>
	    <initial-state>off</initial-state>
	</switch>
    </connector>

    <connector>
	<name>Strobe Switch</name>
	<input>External Lights Bus</input>
	<output>Strobe Lights</output>
	<switch>
	    <prop>/controls/lighting/strobe</prop>
	    <initial-state>off</initial-state>
	</switch>
    </connector>

    <connector>
	<name>Taxi Lights Switch</name>
	<input>External Lights Bus</input>
	<output>Taxi Lights Power</output>
	<switch>
	    <prop>/controls/lighting/taxi-light</prop>
	    <initial-state>off</initial-state>
	</switch>
    </connector>

    <connector>
	<name>Wing Lights Switch</name>
	<input>External Lights Bus</input>
	<output>Wing Light Power</output>
	<switch>
	    <prop>/controls/lighting/turn-off-lights</prop>
	    <initial-state>off</initial-state>
	</switch>
    </connector>

    <!--
	~~~~~~~~~~~~~~
	D/C Consumers
	~~~~~~~~~~~~~~
    -->

    <connector>
	<name>ADF Switch</name>
	<input>Avionics Bus DC</input>
	<output>ADF Power</output>
	<switch>
	    <prop>/instrumentation/adf[0]/power-btn</prop>
	    <initial-state>on</initial-state>
	</switch>
    </connector>

    <connector>
	<name>Avionics Fan Switch</name>
	<input>Avionics Bus DC</input>
	<output>Avionics Fan</output>
	<switch>
	    <prop>/controls/switches/master-avionics</prop>
	    <initial-state>off</initial-state>
	</switch>
    </connector>

    <connector>
	<name>Comm 0 Switch</name>
	<input>Avionics Bus DC</input>
	<output>Comm 0 Power</output>
	<switch>
	    <prop>/instrumentation/comm[0]/power-btn</prop>
	    <initial-state>off</initial-state>
	</switch>
    </connector>

    <connector>
	<name>Comm 1 Switch</name>
	<input>Avionics Bus DC</input>
	<output>Comm 1 Power</output>
	<switch>
	    <prop>/instrumentation/comm[1]/power-btn</prop>
	    <initial-state>off</initial-state>
	</switch>
    </connector>

    <connector>
	<name>DME Switch</name>
	<input>Avionics Bus DC</input>
	<output>DME Power</output>
	<switch>
	    <prop>/instrumentation/dme/power-btn</prop>
	    <initial-state>on</initial-state>
	</switch>
    </connector>

    <connector>
	<name>EGPWS Switch</name>
	<input>Avionics Bus DC</input>
	<output>EGPWS Power</output>
	<switch>
	    <prop>/controls/switches/master-avionics</prop>
	    <initial-state>off</initial-state>
	</switch>
    </connector>

    <!-- Fuel boost pumps -->

    <connector>
	<input>Master Bus DC</input>
	<output>Fuel Pump Power Left</output>
	<switch>
	    <prop>/controls/engines/engine[0]/fuel-pump</prop>
	    <initial-state>off</initial-state>
	</switch>
    </connector>

    <connector>
	<input>Master Bus DC</input>
	<output>Fuel Pump Power Right</output>
	<switch>
	    <prop>/controls/engines/engine[1]/fuel-pump</prop>
	    <initial-state>off</initial-state>
	</switch>
    </connector>

    <connector>
	<name>GPS Switch</name>
	<input>Avionics Bus DC</input>
	<output>GPS Power</output>
	<switch>
	    <prop>/controls/switches/master-avionics</prop>
	    <initial-state>off</initial-state>
	</switch>
    </connector>

    <!-- hydraulic pumps -->
    <connector>
	<name>Hydraulics System 1 Switch</name>
	<input>Master Bus DC</input>
	<output>Hydraulic System 1 Power</output>
	<switch>
	    <prop>/controls/hydraulic/system[0]/electric-pump</prop>
	</switch>
    </connector>

    <connector>
	<name>Hydraulics System 2 Switch</name>
	<input>Master Bus DC</input>
	<output>Hydraulic System 2 Power</output>
	<switch>
	    <prop>/controls/hydraulic/system[1]/electric-pump</prop>
	</switch>
    </connector>

    <connector>
	<name>Hydraulics System 3 Switch</name>
	<input>Master Bus DC</input>
	<output>Hydraulic System 3 Power</output>
	<switch>
	    <prop>/controls/hydraulic/system[2]/electric-pump</prop>
	</switch>
    </connector>

    <connector>
	<name>Hydraulics System 4 Switch</name>
	<input>Master Bus DC</input>
	<output>Hydraulic System 4 Power</output>
	<switch>
	    <prop>/controls/hydraulic/system[3]/electric-pump</prop>
	</switch>
    </connector>

    <connector>
	<name>Instruments Switch</name>
	<input>Avionics Bus DC</input>
	<output>Instrument Power</output>
	<switch>
	    <prop>/controls/switches/master-avionics</prop>
	    <initial-state>off</initial-state>
	</switch>
    </connector>

    <connector>
	<name>LED Lights Switch</name>
	<input>Lights Bus DC</input>
	<output>LED Lights Power</output>
	<switch>
	    <prop>/controls/electric/master-switch</prop>
	    <initial-state>off</initial-state>
	</switch>
    </connector>

    <connector>
	<name>Nav 0 Switch</name>
	<input>Avionics Bus DC</input>
	<output>Nav 0 Power</output>
	<switch>
	    <prop>/instrumentation/nav[0]/power-btn</prop>
	    <initial-state>on</initial-state>
	</switch>
    </connector>

    <connector>
	<name>Nav 1 Switch</name>
	<input>Avionics Bus DC</input>
	<output>Nav 1 Power</output>
	<switch>
	    <prop>/instrumentation/nav[1]/power-btn</prop>
	    <initial-state>off</initial-state>
	</switch>
    </connector>

    <!-- Refuelling controls and indicators -->
    <connector>
	<input>Master Bus DC</input>
	<output>Refuelling Pump Power</output>
	<switch>
	    <prop>/controls/switches/refuel-pump</prop>
	    <initial-state>off</initial-state>
	</switch>
    </connector>

    <connector>
	<name>Tacan Switch</name>
	<input>Avionics Bus DC</input>
	<output>Tacan Power</output>
	<switch>
	    <prop>/instrumentation/tacan/power-on</prop>
	    <initial-state>off</initial-state>
	</switch>
    </connector>

    <connector>
	<name>Transponder Switch</name>
	<input>Avionics Bus DC</input>
	<output>Transponder Power</output>
	<switch>
	    <prop>/instrumentation/transponder/power-btn</prop>
	    <initial-state>on</initial-state>
	</switch>
    </connector>

    <connector>
	<name>Turn Coordinator Switch</name>
	<input>Avionics Bus DC</input>
	<output>Turn Coordinator Power</output>
	<switch>
	    <prop>/controls/switches/master-avionics</prop>
	    <initial-state>off</initial-state>
	</switch>
    </connector>

</PropertyList>
