<?xml version="1.0"?>

<PropertyList>

    <path>BlueSteel.ac</path>

    <!-- 
	Blue Steel nuclear missile - wrapper for missile post-release 
    -->
    <animation>
	<enable-hot type="bool">false</enable-hot>
    </animation>

    <animation>
	<object-name>BlueSteel</object-name>
    </animation>

    <model>
	<name>flaminghot</name>
	<path>Aircraft/victor/Models/Effects/Armament/missile-smoke-trail.xml</path>
	<offsets>
	    <x-m>2</x-m>
	    <y-m>0</y-m>
	    <z-m>0</z-m>
	</offsets>
    </model>

    <animation>
	<type>range</type>
	<min-m>0</min-m>
	<max-m>10000</max-m>
    </animation>

</PropertyList>
