<?xml version="1.0"?>

<PropertyList>

    <name>Minimal Aircraft Hud</name>
    <enable3d>true</enable3d>

    <import>
	<path>Huds/Instruments/turn-bank-indicator.xml</path>
	<y-offset>-125</y-offset>
    </import>

    <import>
	<path>Huds/Sets/coordinates.xml</path>
	<y-offset>170</y-offset>
    </import>

    <import>
	<path>Huds/Instruments/gload.xml</path>
	<x-offset>-308</x-offset>
	<y-offset>51</y-offset>
    </import>

    <import>
	<path>Huds/Instruments/compass.xml</path>
	<y-offset>170</y-offset>
    </import>

    <import>
	<path>Huds/Instruments/dials.xml</path>
    </import>

    <import>
	<path>Huds/Sets/tacan.xml</path>
	<x-offset>-300</x-offset>
	<y-offset>140</y-offset>
    </import>

    <gauge>
	<name>Aileron</name>
	<x>-50</x>
	<y>145</y>
	<width>100</width>
	<height>20</height>
	<option>notext</option>
	<option>bottom</option>
	<major-divisions>50</major-divisions>
	<minor-divisions>0</minor-divisions>
	<tick-bottom>false</tick-bottom>
	<tick-top>false</tick-top>
	<tick-right>true</tick-right>
	<tick-left>true</tick-left>
	<cap-bottom>false</cap-bottom>
	<cap-top>true</cap-top>
	<cap-right>false</cap-right>
	<cap-left>false</cap-left>
	<marker-offset>0.0</marker-offset>
	<enable-pointer>true</enable-pointer>
	<pointer-type>fixed</pointer-type>
	<input>
	    <property>/controls/flight/aileron</property>
	    <max>1.0</max>
	    <min>-1.0</min>
	</input>
    </gauge>

    <gauge>
	<name>Elevator</name>
	<x>-300</x>
	<y>-50</y>
	<width>20</width>
	<height>100</height>
	<option>vertical</option>
	<option>right</option>
	<option>notext</option>
	<major-divisions>50</major-divisions>
	<minor-divisions>0</minor-divisions>
	<marker-offset>0.0</marker-offset>
	<tick-bottom>true</tick-bottom>
	<tick-top>true</tick-top>
	<tick-right>false</tick-right>
	<tick-left>false</tick-left>
	<cap-bottom>false</cap-bottom>
	<cap-top>false</cap-top>
	<cap-right>false</cap-right>
	<cap-left>true</cap-left>
	<enable-pointer>true</enable-pointer>
	<pointer-type>fixed</pointer-type>
	<input>
	    <property>/controls/flight/elevator</property>
	    <max>1.0</max>
	    <min>-1.0</min>
	</input>
    </gauge>

    <gauge>
	<name>Rudder</name>
	<x>-50</x>
	<y>-110</y>
	<width>100</width>
	<height>20</height>
	<option>top</option>
	<option>notext</option>
	<major-divisions>50</major-divisions>
	<minor-divisions>0</minor-divisions>
	<tick-bottom>false</tick-bottom>
	<tick-top>false</tick-top>
	<tick-right>true</tick-right>
	<tick-left>true</tick-left>
	<cap-bottom>true</cap-bottom>
	<cap-top>false</cap-top>
	<cap-right>false</cap-right>
	<cap-left>false</cap-left>
	<marker-offset>0.0</marker-offset>
	<enable-pointer>true</enable-pointer>
	<pointer-type>fixed</pointer-type>
	<input>
	    <property>/controls/flight/rudder</property>
	    <max>1.0</max>
	    <min>-1.0</min>
	</input>
    </gauge>

    <gauge>
	<name>Throttle</name>
	<x>280</x>
	<y>-80</y>
	<width>20</width>
	<height>160</height>
	<option>vertical</option>
	<option>left</option>
	<option>notext</option>
	<major-divisions>50</major-divisions>
	<minor-divisions>0</minor-divisions>
	<tick-bottom>true</tick-bottom>
	<tick-top>true</tick-top>
	<tick-right>false</tick-right>
	<tick-left>false</tick-left>
	<cap-bottom>false</cap-bottom>
	<cap-top>false</cap-top>
	<cap-right>true</cap-right>
	<cap-left>false</cap-left>
	<marker-offset>0.0</marker-offset>
	<enable-pointer>true</enable-pointer>
	<pointer-type>fixed</pointer-type>
	<input>
	    <property>/controls/engines/engine/throttle</property>
	    <max>1.0</max>
	    <min>0.0</min>
	</input>
    </gauge>

    <gauge>
	<name>Elevator Trim</name>
	<x>-310</x>
	<y>-50</y>
	<width>10</width>
	<height>100</height>
	<option>left</option>
	<option>vertical</option>
	<option>notext</option>
	<major-divisions>50</major-divisions>
	<minor-divisions>0</minor-divisions>
	<marker-offset>0.0</marker-offset>
	<tick-bottom>true</tick-bottom>
	<tick-top>true</tick-top>
	<tick-right>false</tick-right>
	<tick-left>false</tick-left>
	<cap-bottom>false</cap-bottom>
	<cap-top>false</cap-top>
	<cap-right>false</cap-right>
	<cap-left>false</cap-left>
	<enable-pointer>true</enable-pointer>
	<pointer-type>fixed</pointer-type>
	<input>
	    <property>/controls/flight/elevator-trim</property>
	    <max> 1.0</max>
	    <min>-1.0</min>
	</input>
    </gauge>

</PropertyList>
