<?xml version="1.0"?>

<!--
    The coordinate system used is a left hand coordinate system where
    +Y = left, -Y = right, -Z = down, +Z = up, -X = forward, +X = aft.
    Distances are in metres.
-->

<PropertyList>

    <fx>

	<!-- ============================= External Power ============================= -->

	<!-- 
	    The GPU is parked underneath the port wing and is plugged into the aircraft just aft
	    of the bomb bay. The Palouste is parked underneath the starboard wing and the air supply
	    hose is connected to the aircraft just aft of the starboard landing gear.
	-->

	<!-- GPU start -->
	<gpu>
	    <name>GPUstart</name>
	    <path>Sounds/gpu-startup.wav</path>
	    <condition>
		<property>/controls/electric/external-power</property>
		<greater-than>
		    <property>/systems/electrical/bus/ground-ac-bus</property>
		    <value>0</value>
		</greater-than>
		<not>
		    <property>sim/crashed</property>
		</not>
	    </condition>
	    <mode>once</mode>
	    <reference-dist>20</reference-dist>
	    <position>
		<x>10.0</x>
		<y>-1.0</y>
		<z>-1.0</z>
	    </position>
	    <volume>
		<factor>0.3</factor>
	    </volume>
	</gpu>

	<!-- GPU running -->
	<gpu>
	    <name>GPUrun</name>
	    <path>Sounds/gpu-running.wav</path>
	    <condition>
		<property>/controls/electric/external-power</property>
		<greater-than>
		    <property>/fdm/jsbsim/systems/electrical/gpu-generator</property>
		    <value>0.98</value>
		</greater-than>
		<not>
		    <property>sim/crashed</property>
		</not>
	    </condition>
	    <mode>looped</mode>
	    <reference-dist>20</reference-dist>
	    <max-dist>100</max-dist>
	    <position>
		<x>-1.00 </x>
		<y> 0.10 </y>
		<z>-0.15 </z>
	    </position>
	    <volume>
		<factor>0.3</factor>
	    </volume>
	</gpu>

	<!-- GPU shutdown -->
	<gpu>
	    <name>GPUstop</name>
	    <path>Sounds/gpu-running.wav</path>
	    <condition>
		<not>
		    <property>/controls/electric/external-power</property>
		</not>
		<not>
		    <property>sim/crashed</property>
		</not>
	    </condition>
	    <mode>once</mode>
	    <reference-dist>20</reference-dist>
	    <max-dist>100</max-dist>
	    <position>
		<x>10.0</x>
		<y>-1.0</y>
		<z>-1.0</z>
	    </position>
	    <volume>
		<property>/fdm/jsbsim/systems/electrical/gpu-generator</property>
		<factor>0.3</factor>
	    </volume>
	</gpu>

	<!-- ============================= APU ============================= -->

	<!-- APU start-->
	<apu>
	    <name>APUstart</name>
	    <path>Sounds/apu-start.wav</path>
	    <condition>
		<equals>
		    <property>/controls/APU/off-start-run</property>
		    <value>1</value>
		</equals>
		<property>/engines/engine[4]/starter</property>
	    </condition>
	    <mode>once</mode>
	    <reference-dist>20</reference-dist>
	    <position>
		<x>12.70</x>
		<y>-0.76</y>
		<z> 0.76</z>
	    </position>
	    <orientation>
		<x> 0.98</x>
		<y> 0.0 </y>
		<z> 0.0 </z>
	    </orientation>
	    <volume>
		<factor>0.7</factor>
	    </volume>
	</apu>

	<!-- APU running -->
	<apu>
	    <name>APUrun</name>
	    <path>Sounds/apu-run.wav</path>
	    <condition>
		<equals>
		    <property>/controls/APU/off-start-run</property>
		    <value>2</value>
		</equals>
		<not>
		    <property>sim/crashed</property>
		</not>
	    </condition>
	    <mode>looped</mode>
	    <reference-dist>20</reference-dist>
	    <max-dist>100</max-dist>
	    <volume>
		<property>engines/engine[4]/n1</property>
		<factor>0.04</factor>
		<min>0.2</min>
	    </volume>
	    <pitch>
		<property>engines/engine[4]/n2</property>
		<factor>0.1</factor>
		<offset>-0.5</offset>
		<min>-1.0</min>
		<max>1.5</max>
	    </pitch>
	    <position>
		<x>12.70</x>
		<y>-0.76</y>
		<z> 0.76</z>
	    </position>
	    <orientation>
		<x> 0.98</x>
		<y> 0.0 </y>
		<z> 0.0 </z>
	    </orientation>
	</apu>

	<!-- APU shutdown -->
	<apu>
	    <name>APUstop</name>
	    <path>Sounds/apu-stop.wav</path>
	    <condition>
		<and>
		    <not>
			<property>/controls/APU/run</property>
		    </not>
		    <greater-than>
			<property>/engines/engine[4]/n1</property>
			<value>1</value>
		    </greater-than>
		</and>
	    </condition>
	    <mode>once</mode>
	    <reference-dist>20</reference-dist>
	    <max-dist>100</max-dist>
	    <position>
		<x>12.70</x>
		<y>-0.76</y>
		<z> 0.76</z>
	    </position>
	    <orientation>
		<x> 0.98</x>
		<y> 0.0 </y>
		<z> 0.0 </z>
	    </orientation>
	    <volume>
		<factor>5</factor>
	    </volume>
	</apu>

	<!-- ============================= Engines ============================= -->

	<!-- Engine One -->

	<engine>
	    <name>engine1 startup</name>
	    <path>Sounds/starter_start.wav</path>
	    <condition>
		<and>
		    <property>/engines/engine[0]/starter</property>
		    <not>
			<property>sim/crashed</property>
		    </not>
		</and>
	    </condition>
	    <mode>looped</mode>
	    <reference-dist>25</reference-dist>
	    <max-dist>100</max-dist>
	    <volume>
		<property>controls/engines/engine[0]/starter-sound</property>
	    </volume>
	    <pitch>
		<property>engines/engine[0]/n1</property>
		<factor>0.1</factor>
		<offset>-0.5</offset>
		<min>-1.0</min>
		<max>1.5</max>
	    </pitch>
	    <position>
		<x> 12.7</x>
		<y> 2.34</y>
		<z> 1.37</z>
	    </position>
	    <orientation>
		<x>1</x>
		<y>0</y>
		<z>0</z>
		<inner-angle>90.0</inner-angle>
		<outer-angle>180.0</outer-angle>
		<outer-gain>0.5</outer-gain>
	    </orientation>
	</engine>

	<engine>
	    <name>engine1</name>
	    <path>Aircraft/victor/Sounds/jet.wav</path>
	    <condition>
		<property>/engines/engine[0]/running</property>
		<or>
		    <not>
			<property>sim/current-view/internal</property>
		    </not>
		    <and>
			<property>sim/current-view/internal</property>
			<greater-than>
			    <property>controls/doors/cockpit-door/position-norm</property>
			    <value>0.1</value>
			</greater-than>
		    </and>
		</or>
		<not>
		    <property>sim/crashed</property>
		</not>
	    </condition>
	    <mode>looped</mode>
	    <reference-dist>50</reference-dist>
	    <max-dist>10000</max-dist>
	    <volume>
		<property>/engines/engine[0]/thrust_lb</property>
		<factor type="double">0.00006</factor>
	    </volume>
	    <pitch>
		<property>/engines/engine[0]/n1</property>
		<factor>0.20</factor>
	    </pitch>
	    <position>
		<x> 12.7</x>
		<y> 2.34</y>
		<z> 1.37</z>
	    </position>
	    <orientation>
		<x>1</x>
		<y>0</y>
		<z>0</z>
		<inner-angle>45</inner-angle>
		<outer-angle>90</outer-angle>
		<outer-gain>0.2</outer-gain>
	    </orientation>
	</engine>

	<engine>
	    <name>internal whine1</name>
	    <path>Sounds/whine.wav</path>
	    <condition>
		<property>sim/current-view/internal</property>
		<property>/engines/engine[0]/running</property>
		<not>
		    <property>sim/crashed</property>
		</not>
	    </condition>
	    <mode>looped</mode>
	    <volume>
		<property>/engines/engine[0]/thrust_lb</property>
		<type>ln</type>
		<factor>0.005</factor>
		<offset>0.1</offset>
	    </volume>
	    <pitch>
		<property>/engines/engine[0]/thrust_lb</property>
		<type>log</type>
		<factor>0.1</factor>
		<offset>0.10</offset>
	    </pitch>
	    <position>
		<x> 12.7</x>
		<y> 2.34</y>
		<z> 1.37</z>
	    </position>
	    <orientation>
		<x>-1</x>
		<y> 0</y>
		<z> 0</z>
		<inner-angle>45</inner-angle>
		<outer-angle>90</outer-angle>
		<outer-gain>0.2</outer-gain>
	    </orientation>
	</engine>

	<engine>
	    <name>external whine1</name>
	    <path>Aircraft/victor/Sounds/jet1.wav</path>
	    <condition>
		<and>
		    <not>
			<property>/sim/current-view/internal</property>
		    </not>
		    <greater-than>
			<property>/engines/engine[0]/n1</property>
			<value>5</value>
		    </greater-than>
			<not>
		    <property>sim/crashed</property>
		</not>
		</and>
	    </condition>
	    <mode>looped</mode>
	    <reference-dist>25</reference-dist>
	    <max-dist>500</max-dist>
	    <position>
		<x> 12.7</x>
		<y> 2.34</y>
		<z> 1.37</z>
	    </position>
	    <orientation>
		<x>1</x>
		<y>0</y>
		<z>0</z>
		<inner-angle>90.0</inner-angle>
		<outer-angle>180.0</outer-angle>
		<outer-gain>0.5</outer-gain>
	    </orientation>
	    <pitch>
		<property>/engines/engine[0]/n1</property>
		<offset>0.3</offset>
		<factor>0.003</factor>
	    </pitch>
	    <volume>
		<property>/engines/engine[0]/n1</property>
		<factor>0.0025</factor>
		<min>0.0</min>
	    </volume>
	</engine>

	<!-- Engine Two -->

	<engine>
	    <name>engine2 startup</name>
	    <path>Sounds/starter_start.wav</path>
	    <condition>
		<and>
		    <property>/engines/engine[1]/starter</property>
		    <not>
			<property>sim/crashed</property>
		    </not>
		</and>
	    </condition>
	    <mode>looped</mode>
	    <reference-dist>25</reference-dist>
	    <max-dist>100</max-dist>
	    <volume>
		<property>controls/engines/engine[1]/starter-sound</property>
	    </volume>
	    <pitch>
		<property>engines/engine[1]/n1</property>
		<factor>0.1</factor>
		<offset>-0.5</offset>
		<min>-1.0</min>
		<max>1.5</max>
	    </pitch>
	    <position>
		<x> 14.0</x>
		<y> 3.48</y>
		<z> 1.37</z>
	    </position>
	    <orientation>
		<x>1</x>
		<y>0</y>
		<z>0</z>
		<inner-angle>90.0</inner-angle>
		<outer-angle>180.0</outer-angle>
		<outer-gain>0.5</outer-gain>
	    </orientation>
	</engine>

	<engine>
	    <name>engine2</name>
	    <path>Aircraft/victor/Sounds/jet.wav</path>
	    <condition>
		<property>/engines/engine[1]/running</property>
		<or>
		    <not>
			<property>sim/current-view/internal</property>
		    </not>
		    <and>
			<property>sim/current-view/internal</property>
			<greater-than>
			    <property>controls/doors/cockpit-door/position-norm</property>
			    <value>0.1</value>
			</greater-than>
		    </and>
		</or>
		<not>
		    <property>sim/crashed</property>
		</not>
	    </condition>
	    <mode>looped</mode>
	    <reference-dist>50</reference-dist>
	    <max-dist>10000</max-dist>
	    <volume>
		<property>/engines/engine[1]/thrust_lb</property>
		<factor type="double">0.00006</factor>
	    </volume>
	    <pitch>
		<property>/engines/engine[1]/n1</property>
		<factor>0.20</factor>
	    </pitch>
	    <position>
		<x> 14.0</x>
		<y> 3.48</y>
		<z> 1.37</z>
	    </position>
	    <orientation>
		<x>1</x>
		<y>0</y>
		<z>0</z>
		<inner-angle>45</inner-angle>
		<outer-angle>90</outer-angle>
		<outer-gain>0.2</outer-gain>
	    </orientation>
	</engine>

	<engine>
	    <name>internal whine2</name>
	    <path>Sounds/whine.wav</path>
	    <condition>
		<property>sim/current-view/internal</property>
		<property>/engines/engine[1]/running</property>
		<not>
		    <property>sim/crashed</property>
		</not>
	    </condition>
	    <mode>looped</mode>
	    <volume>
		<property>/engines/engine[1]/thrust_lb</property>
		<type>ln</type>
		<factor>0.005</factor>
		<offset>0.1</offset>
	    </volume>
	    <pitch>
		<property>/engines/engine[1]/thrust_lb</property>
		<type>log</type>
		<factor>0.1</factor>
		<offset>0.10</offset>
	    </pitch>
	    <position>
		<x> 14.0</x>
		<y> 3.48</y>
		<z> 1.37</z>
	    </position>
	    <orientation>
		<x>-1</x>
		<y> 0</y>
		<z> 0</z>
		<inner-angle>45</inner-angle>
		<outer-angle>90</outer-angle>
		<outer-gain>0.2</outer-gain>
	    </orientation>
	</engine>

	<engine>
	    <name>external whine2</name>
	    <path>Aircraft/victor/Sounds/jet1.wav</path>
	    <condition>
		<and>
		    <not>
			<property>/sim/current-view/internal</property>
		    </not>
		    <greater-than>
			<property>/engines/engine[1]/n1</property>
			<value>5</value>
		    </greater-than>
		<not>
		    <property>sim/crashed</property>
		</not>
		</and>
	    </condition>
	    <mode>looped</mode>
	    <reference-dist>25</reference-dist>
	    <max-dist>500</max-dist>
	    <position>
		<x> 14.0</x>
		<y> 3.48</y>
		<z> 1.37</z>
	    </position>
	    <orientation>
		<x>1</x>
		<y>0</y>
		<z>0</z>
		<inner-angle>90.0</inner-angle>
		<outer-angle>180.0</outer-angle>
		<outer-gain>0.5</outer-gain>
	    </orientation>
	    <pitch>
		<property>/engines/engine[1]/n1</property>
		<offset>0.3</offset>
		<factor>0.003</factor>
	    </pitch>
	    <volume>
		<property>/engines/engine[1]/n1</property>
		<factor>0.0025</factor>
		<min>0.0</min>
	    </volume>
	</engine>

	<!-- Engine Three -->

	<engine>
	    <name>engine3 startup</name>
	    <path>Sounds/starter_start.wav</path>
	    <condition>
		<and>
		    <property>/engines/engine[2]/starter</property>
		    <not>
			<property>sim/crashed</property>
		    </not>
		</and>
	    </condition>
	    <mode>looped</mode>
	    <reference-dist>25</reference-dist>
	    <max-dist>100</max-dist>
	    <volume>
		<property>controls/engines/engine[2]/starter-sound</property>
	    </volume>
	    <pitch>
		<property>engines/engine[2]/n1</property>
		<factor>0.1</factor>
		<offset>-0.5</offset>
		<min>-1.0</min>
		<max>1.5</max>
	    </pitch>
	    <position>
		<x> 12.7</x>
		<y>-2.34</y>
		<z> 1.37</z>
	    </position>
	    <orientation>
		<x>1</x>
		<y>0</y>
		<z>0</z>
		<inner-angle>90.0</inner-angle>
		<outer-angle>180.0</outer-angle>
		<outer-gain>0.5</outer-gain>
	    </orientation>
	</engine>

	<engine>
	    <name>engine3</name>
	    <path>Aircraft/victor/Sounds/jet.wav</path>
	    <condition>
		<property>/engines/engine[2]/running</property>
		<or>
		    <not>
			<property>sim/current-view/internal</property>
		    </not>
		    <and>
			<property>sim/current-view/internal</property>
			<greater-than>
			    <property>controls/doors/cockpit-door/position-norm</property>
			    <value>0.1</value>
			</greater-than>
		    </and>
		</or>
		<not>
		    <property>sim/crashed</property>
		</not>
	    </condition>
	    <mode>looped</mode>
	    <reference-dist>50</reference-dist>
	    <max-dist>10000</max-dist>
	    <volume>
		<property>/engines/engine[2]/thrust_lb</property>
		<factor type="double">0.00006</factor>
	    </volume>
	    <pitch>
		<property>/engines/engine[2]/n1</property>
		<factor>0.20</factor>
	    </pitch>
	    <position>
		<x> 12.7</x>
		<y>-2.34</y>
		<z> 1.37</z>
	    </position>
	    <orientation>
		<x>1</x>
		<y>0</y>
		<z>0</z>
		<inner-angle>45</inner-angle>
		<outer-angle>90</outer-angle>
		<outer-gain>0.2</outer-gain>
	    </orientation>
	</engine>

	<engine>
	    <name>internal whine3</name>
	    <path>Sounds/whine.wav</path>
	    <condition>
		<property>sim/current-view/internal</property>
		<property>/engines/engine[2]/running</property>
		<not>
		    <property>sim/crashed</property>
		</not>
	    </condition>
	    <mode>looped</mode>
	    <volume>
		<property>/engines/engine[2]/thrust_lb</property>
		<type>ln</type>
		<factor>0.005</factor>
		<offset>0.1</offset>
	    </volume>
	    <pitch>
		<property>/engines/engine[2]/thrust_lb</property>
		<type>log</type>
		<factor>0.1</factor>
		<offset>0.10</offset>
	    </pitch>
	    <position>
		<x> 12.7</x>
		<y>-2.34</y>
		<z> 1.37</z>
	    </position>
	    <orientation>
		<x>-1</x>
		<y> 0</y>
		<z> 0</z>
		<inner-angle>45</inner-angle>
		<outer-angle>90</outer-angle>
		<outer-gain>0.2</outer-gain>
	    </orientation>
	</engine>

	<engine>
	    <name>external whine3</name>
	    <path>Aircraft/victor/Sounds/jet1.wav</path>
	    <condition>
		<and>
		    <not>
			<property>/sim/current-view/internal</property>
		    </not>
		    <greater-than>
			<property>/engines/engine[2]/n1</property>
			<value>5</value>
		    </greater-than>
		<not>
		    <property>sim/crashed</property>
		</not>
		</and>
	    </condition>
	    <mode>looped</mode>
	    <reference-dist>25</reference-dist>
	    <max-dist>500</max-dist>
	    <position>
		<x> 12.7</x>
		<y>-2.34</y>
		<z> 1.37</z>
	    </position>
	    <orientation>
		<x>1</x>
		<y>0</y>
		<z>0</z>
		<inner-angle>90.0</inner-angle>
		<outer-angle>180.0</outer-angle>
		<outer-gain>0.5</outer-gain>
	    </orientation>
	    <pitch>
		<property>/engines/engine[2]/n1</property>
		<offset>0.3</offset>
		<factor>0.003</factor>
	    </pitch>
	    <volume>
		<property>/engines/engine[2]/n1</property>
		<factor>0.0025</factor>
	    </volume>
	</engine>

	<!-- Engine Four -->

	<engine>
	    <name>engine4 startup</name>
	    <path>Sounds/starter_start.wav</path>
	    <condition>
		<and>
		    <property>/engines/engine[3]/starter</property>
		    <not>
			<property>sim/crashed</property>
		    </not>
		</and>
	    </condition>
	    <mode>looped</mode>
	    <reference-dist>25</reference-dist>
	    <max-dist>100</max-dist>
	    <volume>
		<property>controls/engines/engine[3]/starter-sound</property>
	    </volume>
	    <pitch>
		<property>engines/engine[3]/n1</property>
		<factor>0.1</factor>
		<offset>-0.5</offset>
		<min>-1.0</min>
		<max>1.5</max>
	    </pitch>
	    <position>
		<x> 14.0</x>
		<y>-3.48</y>
		<z> 1.37</z>
	    </position>
	    <orientation>
		<x>1</x>
		<y>0</y>
		<z>0</z>
		<inner-angle>90.0</inner-angle>
		<outer-angle>180.0</outer-angle>
		<outer-gain>0.5</outer-gain>
	    </orientation>
	</engine>

	<engine>
	    <name>engine4</name>
	    <path>Aircraft/victor/Sounds/jet.wav</path>
	    <condition>
		<property>/engines/engine[3]/running</property>
		<or>
		    <not>
			<property>sim/current-view/internal</property>
		    </not>
		    <and>
			<property>sim/current-view/internal</property>
			<greater-than>
			    <property>controls/doors/cockpit-door/position-norm</property>
			    <value>0.0</value>
			</greater-than>
		    </and>
		</or>
		<not>
		    <property>sim/crashed</property>
		</not>
	    </condition>
	    <mode>looped</mode>
	    <reference-dist>50</reference-dist>
	    <max-dist>10000</max-dist>
	    <volume>
		<property>/engines/engine[3]/thrust_lb</property>
		<factor type="double">0.00006</factor>
	    </volume>
	    <pitch>
		<property>/engines/engine[3]/n1</property>
		<factor>0.20</factor>
	    </pitch>
	    <position>
		<x> 14.0</x>
		<y>-3.48</y>
		<z> 1.37</z>
	    </position>
	    <orientation>
		<x>1</x>
		<y>0</y>
		<z>0</z>
		<inner-angle>45</inner-angle>
		<outer-angle>90</outer-angle>
		<outer-gain>0.2</outer-gain>
	    </orientation>
	</engine>

	<engine>
	    <name>internal whine4</name>
	    <path>Sounds/whine.wav</path>
	    <condition>
		<property>sim/current-view/internal</property>
		<property>/engines/engine[3]/running</property>
		<not>
		    <property>sim/crashed</property>
		</not>
	    </condition>
	    <mode>looped</mode>
	    <volume>
		<property>/engines/engine[3]/thrust_lb</property>
		<type>ln</type>
		<factor>0.005</factor>
		<offset>0.1</offset>
	    </volume>
	    <pitch>
		<property>/engines/engine[3]/thrust_lb</property>
		<type>log</type>
		<factor>0.1</factor>
		<offset>0.10</offset>
	    </pitch>
	    <position>
		<x> 14.0</x>
		<y>-3.48</y>
		<z> 1.37</z>
	    </position>
	    <orientation>
		<x>-1</x>
		<y> 0</y>
		<z> 0</z>
		<inner-angle>45</inner-angle>
		<outer-angle>90</outer-angle>
		<outer-gain>0.2</outer-gain>
	    </orientation>
	</engine>

	<engine>
	    <name>external whine4</name>
	    <path>Aircraft/victor/Sounds/jet1.wav</path>
	    <condition>
		<not>
		    <property>/sim/current-view/internal</property>
		</not>
		<greater-than>
		    <property>/engines/engine[3]/n1</property>
		    <value>5</value>
		</greater-than>
		<not>
		    <property>sim/crashed</property>
		</not>
	    </condition>
	    <mode>looped</mode>
	    <reference-dist>25</reference-dist>
	    <max-dist>500</max-dist>
	    <position>
		<x> 14.0</x>
		<y>-3.48</y>
		<z> 1.37</z>
	    </position>
	    <orientation>
		<x>1</x>
		<y>0</y>
		<z>0</z>
		<inner-angle>90.0</inner-angle>
		<outer-angle>180.0</outer-angle>
		<outer-gain>0.5</outer-gain>
	    </orientation>
	    <pitch>
		<property>/engines/engine[3]/n1</property>
		<offset>0.3</offset>
		<factor>0.003</factor>
	    </pitch>
	    <volume>
		<property>/engines/engine[3]/n1</property>
		<factor>0.0025</factor>
	    </volume>
	</engine>

	<!-- ============================= Rumble of wheels ============================= -->

	<rumble>
	    <name>rumble</name>
	    <path>Sounds/rumble.wav</path>
	    <condition>
		<not><property>sim/current-view/internal</property></not>
		<or>
		    <property>/gear/gear[0]/wow</property>
		    <property>/gear/gear[1]/wow</property>
		    <property>/gear/gear[2]/wow</property>
		    <property>/gear/gear[3]/wow</property>
		    <property>/gear/gear[4]/wow</property>
		</or>
	    </condition>
	    <mode>looped</mode>
	    <volume>
		<property>/velocities/airspeed-kt</property>
		<type>log</type>
		<factor>0.5</factor>
	    </volume>
	</rumble>

	<roll>
	    <name>roll on runway</name>
	    <path>Sounds/roll.wav</path>
	    <condition>
		<property>sim/current-view/internal</property>
		<or>
		    <property>/gear/gear[0]/wow</property>
		    <property>/gear/gear[1]/wow</property>
		    <property>/gear/gear[2]/wow</property>
		    <property>/gear/gear[3]/wow</property>
		    <property>/gear/gear[4]/wow</property>
		</or>
	    </condition>
	    <mode>looped</mode>
	    <position>
		<x>0.01</x>
		<y>0.01</y>
		<z>-2.1</z>
	    </position>
	    <volume>
		<property>velocities/groundspeed-kt</property>
		<type>log</type>
		<factor>0.025</factor>
	    </volume>
	</roll>

	<!-- ============================= Gear movement ============================= -->

	<gear>
	    <name>gear</name>
	    <path>Aircraft/victor/Sounds/victor-gear.wav</path>
	    <property>/gear/gear[0]/position-norm</property>
	    <mode>in-transit</mode>
	    <pitch>
		<internal>dt_play</internal>
		<offset>1.0</offset>
		<factor>-0.001</factor>
	    </pitch>
	</gear>

	<gear>
	    <name>gear-lock0</name>
	    <path>Sounds/gear-lck.wav</path>
	    <condition>
		<equals>
		    <property>/gear/gear[0]/position-norm</property>
		    <value>0</value>
		</equals>
	    </condition>
	    <mode>once</mode>
	</gear>

	<gear>
	    <name>gear-lock1</name>
	    <path>Sounds/gear-lck.wav</path>
	    <condition>
		<equals>
		    <property>/gear/gear[0]/position-norm</property>
		    <value>1</value>
		</equals>
	    </condition>
	    <mode>once</mode>
	</gear>

	<!-- ============================= Squeal of wheels ============================= -->

	<squeal>
	    <name>squeal</name>
	    <path>Sounds/squeal.wav</path>
	    <condition>
		<or>
		    <property>/gear/gear[0]/wow</property>
		    <property>/gear/gear[1]/wow</property>
		    <property>/gear/gear[2]/wow</property>
		    <property>/gear/gear[3]/wow</property>
		    <property>/gear/gear[4]/wow</property>
		</or>
	    </condition>
	    <mode>once</mode>
	    <volume>
		<property>/velocities/speed-down-fps</property>
		<factor>0.05</factor>
	    </volume>
	    <volume>
		<property>/velocities/airspeed-kt</property>
		<factor>0.01</factor>
	    </volume>
	    <volume>
		<internal>dt_stop</internal>
		<factor>0.05</factor>
		<max>1.0</max>
	    </volume>
	    <pitch>
		<property>/velocities/airspeed-kt</property>
		<factor>0.0025</factor>
		<offset>1.2</offset>
	    </pitch>
	</squeal>

	<!-- ============================= Flaps ============================= -->
	<flap>
	    <name>flaps</name>
	    <path>Sounds/flaps.wav</path>
	    <property>/surface-positions/flap-pos-norm</property>
	    <mode>in-transit</mode>
	    <volume>
		<factor>0.25</factor>
	    </volume>
	</flap>

	<!-- ============================= Speedbrake ============================= -->

	<brake>
	    <name>speedbrake</name>
	    <path>Sounds/speedbrake.wav</path>
	    <property>surface-positions/speedbrake-pos-norm</property>
	    <mode>in-transit</mode>
	    <reference-dist>30</reference-dist>
	    <max-dist>100</max-dist>
	    <position>
		<x>28.0</x>
		<y>0.01</y>
		<z>2.92</z>
	    </position>
	    <pitch>
		<factor>1</factor>
		<offset>0</offset>
		<min>0</min>
		<max>2</max>
	    </pitch>
	    <volume>
		<max>0.50</max>
	    </volume>
	</brake>


	<!-- ============================= Wind and Rain ============================= -->

	<wind>
	    <name>wind</name>
	    <path>Sounds/wind1.wav</path>
	    <condition>
		<not><property>sim/current-view/internal</property></not>
		<greater-than>
		    <property>/velocities/airspeed-kt</property>
		    <value>5</value>
		</greater-than>
	    </condition>
	    <mode>looped</mode>
	    <volume>
		<property>/position/altitude-ft</property>
		<factor>-0.000015</factor>
		<offset>1.0</offset>
		<min>0.1</min>
		<max>1.0</max>
	    </volume>
	    <volume>
		<property>/velocities/airspeed-kt</property>
		<factor>0.0015</factor>
		<min>0.03</min>
		<max>0.25</max>
	    </volume>
	    <pitch>
		<property>/velocities/airspeed-kt</property>
		<factor>0.01</factor>
		<offset>1.25</offset>
	    </pitch>
	</wind>

	<rain>
	    <name>rain_int</name>
	    <path>Sounds/rain-windshield.wav</path>
	    <condition>
		<property>sim/current-view/internal</property>
		<or>
		    <greater-than>
			<property>environment/rain-norm</property>
			<value>0.2</value>
		    </greater-than>
		    <greater-than>
			<property>environment/snow-norm</property>
			<value>0.2</value>
		    </greater-than>
		</or>
	    </condition>
	    <mode>looped</mode>
	    <type>avionics</type>
	    <volume>
		<property>/environment/rain-norm</property>
		<factor>1.00</factor>
		<offset>0.00</offset>
		<min>0.4</min>
		<max>0.9</max>
	    </volume>
	    <pitch>
		<property>/velocities/airspeed-kt</property>
		<factor>0.001</factor>
		<offset>1.0</offset>
	    </pitch>
	</rain>

	<rain>
	    <name>rain_ext</name>
	    <path>Sounds/rain.wav</path>
	    <condition>
		<not>
		    <property>sim/current-view/internal</property>
		</not>
		<greater-than>
		    <property>/environment/rain-norm</property>
		    <value>0</value>
		</greater-than>
	    </condition>
	    <mode>looped</mode>
	    <volume>
		<property>/environment/rain-norm</property>
		<factor>0.60</factor>
	    </volume>
	</rain>

	<!-- ============================= Brakes noise ============================= -->

	<brake-wind>
	    <name>brake wind</name>
	    <path>Sounds/speedbrake-wind.wav</path>
	    <condition>
		<property>sim/current-view/internal</property>
		<greater-than>
		    <property>surface-positions/speedbrake-pos-norm</property>
		    <value>0.5</value>
		</greater-than>
	    </condition>
	    <mode>looped</mode>
	    <volume>
		<property>velocities/airspeed-kt</property>
		<factor>0.001</factor>
	    </volume>
	</brake-wind>

	<chute-wind>
	    <name>chute wind</name>
	    <path>Sounds/speedbrake-wind.wav</path>
	    <condition>
		<greater-than>
		    <property>controls/flight/chute-pos-norm</property>
		    <value>0.5</value>
		</greater-than>
	    </condition>
	    <mode>looped</mode>
	    <volume>
		<property>velocities/airspeed-kt</property>
		<factor>0.001</factor>
	    </volume>
	</chute-wind>

	<chute-deploy>
	    <name>chute deploy</name>
	    <path>Sounds/chute-deploy.wav</path>
	    <property>/controls/flight/drag-chute</property>
	    <mode>once</mode>
	    <volume>
		<factor>0.95</factor>
	    </volume>
	</chute-deploy>

	<!-- ============================= Stall warning ============================= -->

	<stall>
	    <name>stall</name>
	    <path>Sounds/stall.wav</path>
	    <property>/sim/alarms/stall-warning</property>
	    <mode>once</mode>
	    <volume>
		<factor>0.95</factor>
	    </volume>
	</stall>

	<!-- ============================= Doors ============================= -->

	<!-- Bay door -->
	<doors>
	    <name>baydoor</name>
	    <path>Sounds/flaps.wav</path>
	    <property>/controls/doors/bomb-bay/position-norm</property>
	    <mode>in-transit</mode>
	    <reference-dist>12</reference-dist>
	    <max-dist>100</max-dist>
	    <volume>
		<factor>0.75</factor>
	    </volume>
	    <position>
		<x>15.50 </x>
		<y> 0.00 </y>
		<z>-0.65 </z>
	    </position>
	</doors>

	<doors>
	    <name>baydoor_close</name>
	    <path>Sounds/door_close.wav</path>
	    <mode>once</mode>
	    <condition>
		<equals>
		    <property>/controls/doors/bomb-bay/position-norm</property>
		    <value>0</value>
		</equals>
	    </condition>
	    <reference-dist>12</reference-dist>
	    <pitch>
		<factor>0.7</factor>
		<offset>0.0</offset>
	    </pitch>
	    <volume>
		<factor>0.72</factor>
	    </volume>
	    <position>
		<x>15.50 </x>
		<y> 0.00 </y>
		<z>-0.65 </z>
	    </position>
	</doors>

	<locks>
	    <name>baydoor_lock</name>
	    <path>Sounds/control-lock.wav</path>
	    <property>sim/sound/effects/bay-lock</property>
	    <mode>once</mode>
	    <reference-dist>10</reference-dist>
	    <pitch>
		<factor>0.7</factor>
		<offset>0.0</offset>
	    </pitch>
	    <volume>
		<factor>0.72</factor>
	    </volume>
	    <position>
		<x>15.50 </x>
		<y> 0.00 </y>
		<z>-0.65 </z>
	    </position>
	</locks>


	<!-- Cockpit door -->
	<doors>
	    <name>cockpitdoor</name>
	    <mode>in-transit</mode>
	    <path>Sounds/flaps.wav</path>
	    <property>/controls/doors/cockpit-door/position-norm</property>
	    <reference-dist>12</reference-dist>
	    <max-dist>100</max-dist>
	    <volume>
		<factor>0.75</factor>
	    </volume>
	    <position>
		<x>5.0 </x>
		<y>1.0 </y>
		<z>3.8 </z>
	    </position>
	</doors>

	<doors>
	    <name>cockpitdoor_close</name>
	    <path>Sounds/door_close.wav</path>
	    <mode>once</mode>
	    <condition>
		<equals>
		    <property>/controls/doors/cockpit-door/position-norm</property>
		    <value>0</value>
		</equals>
	    </condition>
	    <reference-dist>12</reference-dist>
	    <pitch>
		<factor>0.7</factor>
		<offset>0.0</offset>
	    </pitch>
	    <volume>
		<factor>0.72</factor>
	    </volume>
	    <position>
		<x>5.0 </x>
		<y>1.0 </y>
		<z>3.8 </z>
	    </position>
	</doors>

	<!-- Chute door -->
	<doors>
	    <name>chutedoor</name>
	    <path>Sounds/flaps.wav</path>
	    <property>/controls/doors/chute-door/position-norm</property>
	    <mode>in-transit</mode>
	    <reference-dist>12</reference-dist>
	    <max-dist>100</max-dist>
	    <volume>
		<factor>0.75</factor>
	    </volume>
	    <position>
		<x>29.80 </x>
		<y> 0.00 </y>
		<z> 2.55 </z>
	    </position>
	</doors>

	<doors>
	    <name>chutedoor_close</name>
	    <path>Sounds/door_close.wav</path>
	    <condition>
		<equals>
		    <property>/controls/doors/chute-door/position-norm</property>
		    <value>0</value>
		</equals>
	    </condition>
	    <mode>once</mode>
	    <reference-dist>12</reference-dist>
	    <pitch>
		<factor>0.7</factor>
		<offset>0.0</offset>
	    </pitch>
	    <volume>
		<factor>0.72</factor>
	    </volume>
	    <position>
		<x>29.80 </x>
		<y> 0.00 </y>
		<z> 2.55 </z>
	    </position>
	</doors>

	<!-- Chute switch -->
	<locks>
	    <name>chute switch</name>
	    <path>Sounds/control-lock.wav</path>
	    <condition>
		<equals>
		    <property>sim/sound/effects/chute-switch</property>
		    <value>1</value>
		</equals>
	    </condition>
	    <mode>once</mode>
	    <reference-dist>12</reference-dist>
	    <volume>
		<factor>0.75</factor>
	    </volume>
	    <position>
		<x>29.80 </x>
		<y> 0.00 </y>
		<z> 2.55 </z>
	    </position>
	</locks>

	<!-- Drogues deploying or retracting -->
	<drogues>
	    <name>drogues</name>
	    <property>/controls/refuelling/drogues/position-norm</property>
	    <mode>in-transit</mode>
	    <position>
		<x>24.00 </x>
		<y> 0.01 </y>
		<z>-0.01 </z>
	    </position>
	    <volume>
		<factor>0.75</factor>
	    </volume>
	</drogues>

	<!-- ============================= Switches ============================= -->

	<!-- Switch click sound -->
	<switch>
	    <name>click switch</name>
	    <path>Sounds/click.wav</path>
	    <condition>
		<property>sim/sound/effects/click</property>
		<property>sim/current-view/internal</property>
	    </condition>
	    <mode>once</mode>
	    <type>avionics</type>
	    <volume>
		<factor>0.75</factor>
	    </volume>
	</switch>

	<!-- Switch scroll sound -->
	<switch>
	    <name>knob scroll</name>
	    <path>Sounds/scroll.wav</path>
	    <condition>
		<property>sim/sound/effects/scroll</property>
		<property>sim/current-view/internal</property>
	    </condition>
	    <mode>once</mode>
	    <type>avionics</type>
	    <volume>
		<factor>0.9</factor>
	    </volume>
	</switch>

	<!-- specific sound for switch toggles -->
	<switch>
	    <name>toggle switch</name>
	    <path>Sounds/click-v3.wav</path>
	    <condition>
		<property>sim/sound/effects/switch</property>
		<property>sim/current-view/internal</property>
	    </condition>
	    <mode>once</mode>
	    <type>avionics</type>
	    <volume>
		<factor>0.9</factor>
	    </volume>
	</switch>

	<!-- the master engine starter uses a different sound -->
	<switch>
	    <name>master engine</name>
	    <path>Sounds/switch.wav</path>
	    <condition>
		<property>/controls/engines/master</property>
	    </condition>
	    <mode>once</mode>
	    <type>avionics</type>
	    <volume>
		<factor>0.75</factor>
	    </volume>
	</switch>

	<!-- starter button cranks an engine -->
	<switch>
	    <name>engine starter</name>
	    <path>Sounds/engine-crank.wav</path>
	    <condition>
		<property>/controls/engines/starter-engaged</property>
		<not>
		    <property>/controls/engines/shutdown</property>
		</not>
	    </condition>
	    <mode>once</mode>
	    <type>avionics</type>
	    <volume>
		<factor>0.75</factor>
	    </volume>
	</switch>

	<!-- ============================= Callouts ============================= -->

	<v1>
	    <name>v1</name>
	    <path>Sounds/V1.wav</path>
	    <property>instrumentation/annunciator/V1</property>
	    <mode>once</mode>
	    <type>avionics</type>
	    <volume>
		<factor>2.0</factor>
	    </volume>
	</v1>

	<caution>
	    <name>caution</name>
	    <path>Sounds/autopilot-disengage.wav</path>
	    <property>instrumentation/annunciator/master-caution</property>
	    <mode>once</mode>
	    <type>avionics</type>
	    <volume>
		<factor>2.0</factor>
	    </volume>
	</caution>


	<!--
	    ========================================================
	    Crash and Stress Sounds (borrowed from MiG-15 and JA37)
	    ========================================================
	-->

	<aircraft-explode>
	    <name>aircraft-explode</name>
	    <path>Sounds/aircraft-explode.wav</path>
	    <condition>
		<equals>
		    <property>damage/sounds/explode-on</property>
		    <value>1</value>
		</equals>
	    </condition>
	    <mode>once</mode>
	    <position>
		<x>0.01</x>
		<y>0.01</y>
		<z>0.01</z>
	    </position>
	    <volume>
		<factor>3</factor>
		<max>3</max>
	    </volume>
	</aircraft-explode>

	<aircraft-detach>
	    <name>aircraft-detach</name>
	    <path>Sounds/aircraft-wings-detach.wav</path>
	    <condition>
		<equals>
		    <property>damage/sounds/detach-on</property>
		    <value>1</value>
		</equals>
	    </condition>
	    <mode>once</mode>
	    <position>
		<x>0.01</x>
		<y>0.01</y>
		<z>0.01</z>
	    </position>
	    <volume>
		<factor>1</factor>
	    </volume>
	</aircraft-detach>

	<aircraft-crash>
	    <name>aircraft-impact</name>
	    <path>Sounds/aircraft-crash.wav</path>
	    <condition>
		<equals>
		    <property>damage/sounds/crash-on</property>
		    <value>1</value>
		</equals>
	    </condition>
	    <mode>once</mode>
	    <position>
		<x>0.01</x>
		<y>0.01</y>
		<z>0.01</z>
	    </position>
	    <volume>
		<factor>1</factor>
	    </volume>
	</aircraft-crash>

	<aircraft-water-crash>
	    <name>aircraft-water-crash</name>
	    <path>Sounds/aircraft-water-crash.wav</path>
	    <condition>
		<equals>
		    <property>damage/sounds/water-crash-on</property>
		    <value>1</value>
		</equals>
	    </condition>
	    <mode>once</mode>
	    <position>
		<x>0.01</x>
		<y>0.01</y>
		<z>0.01</z>
	    </position>
	    <volume>
		<factor>1</factor>
	    </volume>
	</aircraft-water-crash>

	<aircraft-crack>
	    <name>aircraft-crack</name>
	    <path>Sounds/aircraft-crack.wav</path>
	    <condition>
		<property>sim/current-view/internal</property>
		<equals>
		    <property>damage/sounds/crack-on</property>
		    <value>1</value>
		</equals>
	    </condition>
	    <mode>once</mode>
	    <position>
		<x>0.01</x>
		<y>0.01</y>
		<z>0.01</z>
	    </position>
	    <volume>
		<property>damage/sounds/crack-volume</property>
		<factor>1</factor>
	    </volume>
	</aircraft-crack>

	<aircraft-creaking>
	    <name>aircraft-creaking</name>
	    <path>Sounds/aircraft-creaking.wav</path>
	    <condition>
		<property>sim/current-view/internal</property>
		<equals>
		    <property>damage/sounds/creaking-on</property>
		    <value>1</value>
		</equals>
	    </condition>
	    <mode>looped</mode>
	    <position>
		<x>0.01</x>
		<y>0.01</y>
		<z>0.01</z>
	    </position>
	    <volume>
		<property>damage/sounds/creaking-volume</property>
		<factor>1</factor>
	    </volume>
	</aircraft-creaking>

	<!-- ============================= Ordinance ============================= -->

	<!-- Ordinance Explosion -->
	<explosion>
	    <name>bomb-explosion</name>
	    <path>Sounds/explosion.wav</path>
	    <condition>
		<property>sim/sound/armament/explosion</property>
	    </condition>
	    <mode>looped</mode>
	    <volume>
		<property>sim/sound/armament/explosion-volume</property>
		<factor>1</factor>
	    </volume>
	</explosion>

	<explosion>
	    <name>missile-hit</name>
	    <path>Sounds/missile-hit.wav</path>
	    <condition>
		<property>sim/sound/armament/missile-hit</property>
	    </condition>
	    <mode>once</mode>
	    <volume>
		<property>sim/sound/armament/explosion-volume</property>
		<factor>1</factor>
	    </volume>
	</explosion>

	<!-- Ordinance Separation from plane -->
	<seperation>
	    <name>detach-weapon</name>
	    <path>Sounds/armament-release.wav</path>
	    <condition>
		<property>sim/sound/armament/armament-release</property>
	    </condition>
	    <mode>once</mode>
	    <pitch>
		<factor>0.7</factor>
		<offset>0.0</offset>
	    </pitch>
	    <volume>
		<factor>0.72</factor>
	    </volume>
	</seperation>

	<missile>
	    <name>shrike-fired</name>
	    <path>Sounds/missile.wav</path>
	    <condition>
		<property>sim/sound/armament/missile-fired</property>
		<not><property>sim/sound/armament/cruise-missile</property></not>
	    </condition>
	    <mode>once</mode>
	    <reference-dist>50</reference-dist>
	    <position>
		<x> 3.0 </x>
		<y> 0.0 </y>
		<z>-0.7 </z>
	    </position>
	    <volume>
		<property>sim/sound/armament/missile-volume</property>
		<factor>1.0</factor>
	    </volume>
	</missile>

	<missile>
	    <name>cruise-missile-launch</name>
	    <path>Sounds/cruise-missile-launch.wav</path>
	    <condition>
		<property>sim/sound/armament/missile-fired</property>
		<property>sim/sound/armament/cruise-missile</property>
	    </condition>
	    <mode>once</mode>
	    <reference-dist>50</reference-dist>
	    <position>
		<x> 3.0 </x>
		<y> 0.0 </y>
		<z>-0.7 </z>
	    </position>
	    <volume>
		<property>sim/sound/armament/missile-volume</property>
		<factor>1.0</factor>
	    </volume>
	</missile>

	<!-- ============================= Refuelling ============================= -->
	<refueling>
	    <name>proble-contact</name>
	    <path>Sounds/shlock.wav</path>
	    <condition>
		<property>systems/refuel/contact</property>
	    </condition>
	    <mode>once</mode>
	    <position>
		<x>0.01</x>
		<y>0.01</y>
		<z>0.01</z>
	    </position>
	    <volume>
		<factor>1</factor>
	    </volume>
	</refueling>

    </fx>

</PropertyList>
