<?xml version="1.0"?>

<PropertyList>

    <name>Digital Wind Speed/Direction Instrument</name>
    <w-base>120</w-base>
    <h-base>70</h-base>

    <layers>

	<layer>
	    <name>background</name>
	    <texture>
		<path>Aircraft/Instruments/Textures/faces-3.rgb</path>
		<x1>0.6</x1>
		<y1>0.2</y1>
		<x2>0.9</x2>
		<y2>0.3</y2>
	    </texture>
	    <w>120</w>
	    <h>70</h>
	</layer>

	<layer>
	    <name>Title</name>
	    <type>text</type>
	    <point-size>16</point-size>
	    <color>
		<red>  0.0 </red>
		<green>0.0 </green>
		<blue> 0.0 </blue>
	    </color>
	    <chunks>
		<chunk>
		    <type>literal</type>
		    <text>Wind</text>
		</chunk>
	    </chunks>
	    <transformations>
		<transformation>
		    <type>x-shift</type>
		    <offset>-25</offset>
		</transformation>
		<transformation>
		    <type>y-shift</type>
		    <offset>10</offset>
		</transformation>
	    </transformations>
	</layer>

	<layer>
	    <name>Wind Speed Title</name>
	    <type>text</type>
	    <point-size>16</point-size>
	    <color>
		<red>  1.0 </red>
		<green>0.3 </green>
		<blue> 1.0 </blue>
	    </color>
	    <chunks>
		<chunk>
		    <type>literal</type>
		    <text>Knots:</text>
		</chunk>
	    </chunks>
	    <transformations>
		<transformation>
		    <type>x-shift</type>
		    <offset>-55</offset>
		</transformation>
		<transformation>
		    <type>y-shift</type>
		    <offset>-30</offset>
		</transformation>
	    </transformations>
	</layer>

	<layer>
	    <name>Wind Direction Title</name>
	    <type>text</type>
	    <point-size>16</point-size>
	    <color>
		<red>  1.0 </red>
		<green>0.2 </green>
		<blue> 1.0 </blue>
	    </color>
	    <chunks>
		<chunk>
		    <type>literal</type>
		    <text>Dir:</text>
		</chunk>
	    </chunks>
	    <transformations>
		<transformation>
		    <type>x-shift</type>
		    <offset>-55</offset>
		</transformation>
		<transformation>
		    <type>y-shift</type>
		    <offset>-12</offset>
		</transformation>
	    </transformations>
	</layer>

	<!-- Wind Speed Display -->
	<layer>
	    <name>Wind Speed Display</name>
	    <type>text</type>
	    <font>led</font>
	    <point-size>6.5</point-size>
	    <color>
		<red>  0.0 </red>
		<green>1.0 </green>
		<blue> 0.0 </blue>
	    </color>
	    <chunks>
		<chunk>
		    <type>number-value</type>
		    <property>/environment/wind-speed-kt</property>
		    <format>%3.1f</format>
		</chunk>
	    </chunks>
	    <transformations>
		<transformation>
		    <type>x-shift</type>
		    <offset>10</offset>
		</transformation>
		<transformation>
		    <type>y-shift</type>
		    <offset>-27</offset>
		</transformation>
	    </transformations>
	</layer>

	<!-- Wind Direction Display -->
	<layer>
	    <name>Wind Direction Display</name>
	    <type>text</type>
	    <font>led</font>
	    <point-size>6.5</point-size>
	    <color>
		<red>  0.0 </red>
		<green>1.0 </green>
		<blue> 0.0 </blue>
	    </color>
	    <chunks>
		<chunk>
		    <type>number-value</type>
		    <property>/environment/wind-from-heading-deg</property>
		    <format>%3.1f</format>
		</chunk>
	    </chunks>
	    <transformations>
		<transformation>
		    <type>x-shift</type>
		    <offset>10</offset>
		</transformation>
		<transformation>
		    <type>y-shift</type>
		    <offset>-8</offset>
		</transformation>
	    </transformations>
	</layer>

    </layers>

</PropertyList>
